x,y,z,type
-82,-33,47,minecraft:mob_spawner
-146,-32,59,minecraft:mob_spawner
-85,-8,2,minecraft:campfire
-85,-8,4,minecraft:furnace
-160,23,34,minecraft:campfire
-158,23,33,minecraft:smoker
-146,-37,77,minecraft:mob_spawner
-53,-41,-7,minecraft:mob_spawner
-59,9,59,minecraft:mob_spawner
-146,11,83,minecraft:campfire
-117,21,85,minecraft:mob_spawner
-119,-1,85,minecraft:mob_spawner
-88,-40,67,minecraft:blast_furnace
-87,-40,69,minecraft:campfire
-141,66,-35,minecraft:beehive
-42,-36,54,minecraft:mob_spawner
-116,-3,88,minecraft:sculk_sensor
-123,-3,84,minecraft:sculk_sensor
-120,-3,83,minecraft:sculk_shrieker
-56,-43,-4,minecraft:sculk_sensor
-52,-43,-11,minecraft:sculk_sensor
-51,-43,-8,minecraft:sculk_shrieker
-105,-48,123,minecraft:mob_spawner
-90,1,104,minecraft:furnace
-88,1,103,minecraft:campfire
-103,-46,99,minecraft:blast_furnace
-102,-46,101,minecraft:campfire
-53,-6,-71,minecraft:mob_spawner
-104,-50,125,minecraft:sculk_shrieker
-101,-50,124,minecraft:sculk_sensor
-108,-50,120,minecraft:sculk_sensor
-56,-8,-68,minecraft:sculk_sensor
-51,-8,-72,minecraft:sculk_shrieker
-52,-8,-75,minecraft:sculk_sensor
-230,2,-18,minecraft:furnace
-231,2,-20,minecraft:campfire
-11,-2,53,minecraft:furnace
-11,-2,55,minecraft:campfire
-251,5,139,minecraft:mob_spawner
-63,-45,-85,minecraft:campfire
-64,-45,-87,minecraft:furnace
23,-42,75,minecraft:mob_spawner
-263,-13,133,minecraft:mob_spawner
-190,7,159,minecraft:campfire
-188,7,158,minecraft:furnace
-87,8,150,minecraft:furnace
-88,8,152,minecraft:campfire
-267,53,-116,valhelsia_structures:special_spawner
-138,-28,-109,minecraft:campfire
-140,-28,-109,minecraft:furnace
-260,-15,136,minecraft:sculk_sensor
-267,-15,132,minecraft:sculk_sensor
-264,-15,131,minecraft:sculk_shrieker
24,-44,77,minecraft:sculk_shrieker
27,-44,76,minecraft:sculk_sensor
20,-44,72,minecraft:sculk_sensor
23,-9,113,minecraft:furnace
25,-9,113,minecraft:campfire
-91,20,169,minecraft:campfire
-92,20,167,minecraft:furnace
-274,53,-118,valhelsia_structures:special_spawner
-147,-47,-126,minecraft:smoker
-145,-47,-126,minecraft:campfire
-193,69,-140,minecraft:beehive
-248,51,-138,valhelsia_structures:special_spawner
-266,44,-139,minecraft:campfire
-280,44,-135,valhelsia_structures:special_spawner
-299,25,-43,minecraft:mob_spawner
-297,-22,187,minecraft:mob_spawner
59,-23,9,minecraft:mob_spawner
-207,71,-150,minecraft:beehive
-246,51,-145,valhelsia_structures:special_spawner
-267,44,-145,valhelsia_structures:special_spawner
43,-10,-143,minecraft:furnace
44,-10,-141,minecraft:campfire
-301,72,-132,minecraft:campfire
-302,-23,-141,minecraft:blast_furnace
-301,-23,-139,minecraft:campfire
-304,-1,-71,minecraft:campfire
-33,-28,-147,minecraft:furnace
-29,-52,-155,minecraft:furnace
-32,-28,-145,minecraft:campfire
-31,-52,-154,minecraft:campfire
-292,39,175,minecraft:smoker
3,21,-160,minecraft:furnace
-300,-24,184,minecraft:sculk_sensor
-293,39,177,minecraft:campfire
-293,-24,188,minecraft:sculk_sensor
-296,-24,189,minecraft:sculk_shrieker
60,-25,5,minecraft:sculk_sensor
56,-25,12,minecraft:sculk_sensor
61,-25,8,minecraft:sculk_shrieker
-318,-22,176,minecraft:mob_spawner
-259,52,-164,minecraft:mob_spawner
-320,-20,184,minecraft:furnace
-318,-3,221,minecraft:campfire
-320,-3,222,minecraft:furnace
-305,-1,-69,minecraft:furnace
5,21,-161,minecraft:campfire
-321,-20,186,minecraft:campfire
-327,-1,-171,minecraft:mob_spawner
-331,-3,-172,minecraft:sculk_sensor
-328,-3,-173,minecraft:sculk_shrieker
-324,-3,-168,minecraft:sculk_sensor
-330,-24,-153,minecraft:campfire
-332,-24,-153,minecraft:furnace
77,33,105,minecraft:campfire
38,-24,229,minecraft:campfire
36,-24,229,minecraft:furnace
-138,86,235,minecraft:campfire
-137,86,234,minecraft:campfire
-138,86,234,minecraft:campfire
-137,86,238,minecraft:campfire
-136,86,237,minecraft:campfire
-135,86,236,minecraft:campfire
-134,86,235,minecraft:campfire
-138,86,238,minecraft:campfire
-137,86,237,minecraft:campfire
-136,86,236,minecraft:campfire
-135,86,235,minecraft:campfire
-134,86,234,minecraft:campfire
-138,86,237,minecraft:campfire
-137,86,236,minecraft:campfire
-136,86,235,minecraft:campfire
-135,86,234,minecraft:campfire
-138,86,236,minecraft:campfire
-137,86,235,minecraft:campfire
-136,86,234,minecraft:campfire
-134,86,238,minecraft:campfire
-135,86,238,minecraft:campfire
-134,86,237,minecraft:campfire
-136,86,238,minecraft:campfire
-135,86,237,minecraft:campfire
-134,86,236,minecraft:campfire
-136,85,236,minecraft:bell
-221,-40,230,minecraft:furnace
-223,-40,230,minecraft:campfire
-119,81,235,minecraft:campfire
-120,81,235,minecraft:campfire
-119,81,234,minecraft:campfire
-121,81,235,minecraft:campfire
-120,81,234,minecraft:campfire
-119,81,233,minecraft:campfire
-122,81,235,minecraft:campfire
-121,81,234,minecraft:campfire
-120,81,233,minecraft:campfire
-119,81,232,minecraft:campfire
-123,81,231,minecraft:campfire
-123,81,235,minecraft:campfire
-122,81,234,minecraft:campfire
-121,81,233,minecraft:campfire
-120,81,232,minecraft:campfire
-119,81,231,minecraft:campfire
-123,81,234,minecraft:campfire
-122,81,233,minecraft:campfire
-121,81,232,minecraft:campfire
-120,81,231,minecraft:campfire
-123,81,233,minecraft:campfire
-122,81,232,minecraft:campfire
-121,81,231,minecraft:campfire
-123,81,232,minecraft:campfire
-122,81,231,minecraft:campfire
-289,-27,226,minecraft:mob_spawner
-250,77,-184,minecraft:beehive
-299,55,-181,minecraft:mob_spawner
-290,84,-192,minecraft:beehive
21,5,-187,minecraft:mob_spawner
-27,-7,-183,minecraft:campfire
-25,-7,-184,minecraft:furnace
-350,-26,-19,minecraft:smoker
-352,-26,-18,minecraft:campfire
-352,-42,-62,minecraft:furnace
-351,-42,-64,minecraft:campfire
-361,-46,11,minecraft:mob_spawner
-360,-48,13,minecraft:sculk_shrieker
-357,-48,12,minecraft:sculk_sensor
-364,-48,8,minecraft:sculk_sensor
-355,37,-158,minecraft:campfire
-356,37,-160,minecraft:smoker
-365,-14,-142,minecraft:furnace
-364,-14,-144,minecraft:campfire
-377,-19,-54,minecraft:campfire
-379,-19,-54,minecraft:blast_furnace
-372,-37,143,minecraft:campfire
-374,-37,142,minecraft:furnace
-382,-36,212,minecraft:mob_spawner
-374,-36,144,minecraft:brewing_stand
-371,32,174,minecraft:furnace
-369,32,174,minecraft:campfire
-69,-20,-199,minecraft:mob_spawner
-67,-22,-200,minecraft:sculk_shrieker
-72,-22,-196,minecraft:sculk_sensor
-68,-22,-203,minecraft:sculk_sensor
-108,-14,-206,minecraft:furnace
-107,-14,-208,minecraft:campfire
-222,-10,-198,minecraft:smoker
-223,-10,-200,minecraft:campfire
-361,-48,-197,minecraft:mob_spawner
-364,-50,-200,minecraft:sculk_sensor
-357,-50,-196,minecraft:sculk_sensor
-360,-50,-195,minecraft:sculk_shrieker
-149,-22,-220,minecraft:campfire
-147,-22,-220,minecraft:smoker
39,21,-206,minecraft:campfire
41,22,-207,minecraft:brewing_stand
41,21,-206,minecraft:furnace
94,-7,-55,minecraft:smoker
92,-7,-55,minecraft:campfire
-389,-2,-55,minecraft:mob_spawner
-387,-4,-56,minecraft:sculk_shrieker
-392,-4,-52,minecraft:sculk_sensor
-388,-4,-59,minecraft:sculk_sensor
-400,-34,127,minecraft:furnace
-397,24,-190,minecraft:blast_furnace
-395,24,-189,minecraft:campfire
-401,-34,129,minecraft:campfire
-406,-47,-107,minecraft:campfire
-407,-47,-105,minecraft:blast_furnace
-414,-47,-172,minecraft:campfire
-416,-47,-171,minecraft:smoker
-425,-38,-53,minecraft:mob_spawner
-421,-40,-52,minecraft:sculk_sensor
-424,-40,-51,minecraft:sculk_shrieker
-428,-40,-56,minecraft:sculk_sensor
-413,-47,207,minecraft:mob_spawner
-443,51,-5,minecraft:mob_spawner
-439,-31,133,minecraft:mob_spawner
-435,71,148,minecraft:beehive
-434,6,81,minecraft:blast_furnace
-436,6,82,minecraft:campfire
-436,-33,136,minecraft:sculk_sensor
-443,-33,132,minecraft:sculk_sensor
-440,-33,131,minecraft:sculk_shrieker
-437,-44,-183,minecraft:mob_spawner
-439,-41,-173,minecraft:campfire
-437,-41,-174,minecraft:blast_furnace
-436,-46,-187,minecraft:sculk_sensor
-435,-46,-184,minecraft:sculk_shrieker
-440,-46,-180,minecraft:sculk_sensor
-455,30,21,minecraft:campfire
-458,-6,155,minecraft:campfire
-457,-6,157,minecraft:furnace
-473,-53,89,minecraft:furnace
-471,-53,90,minecraft:campfire
-496,65,-91,minecraft:beehive
-491,-14,-185,minecraft:mob_spawner
-496,-3,-196,minecraft:campfire
-488,-16,-188,minecraft:sculk_sensor
-492,-16,-181,minecraft:sculk_sensor
-493,-16,-184,minecraft:sculk_shrieker
-491,20,123,minecraft:mob_spawner
-488,-1,-78,minecraft:campfire
-490,-1,-79,minecraft:blast_furnace
-144,43,-231,minecraft:campfire
-116,30,-228,minecraft:furnace
-118,30,-229,minecraft:campfire
-501,-14,-71,minecraft:mob_spawner
-499,6,-76,minecraft:furnace
-501,6,-77,minecraft:campfire
-504,-16,-68,minecraft:sculk_sensor
-499,-16,-72,minecraft:sculk_shrieker
-500,-16,-75,minecraft:sculk_sensor
-504,66,1,minecraft:beehive
-507,-52,151,minecraft:mob_spawner
-504,-54,148,minecraft:sculk_sensor
-509,-54,152,minecraft:sculk_shrieker
-509,-33,146,minecraft:smoker
-507,-33,145,minecraft:campfire
-508,-54,155,minecraft:sculk_sensor
-375,-14,-251,minecraft:mob_spawner
-245,54,-251,minecraft:mob_spawner
-299,-51,-249,minecraft:furnace
-298,-51,-247,minecraft:campfire
-379,-16,-252,minecraft:sculk_sensor
-376,-16,-253,minecraft:sculk_shrieker
-372,-16,-248,minecraft:sculk_sensor
-507,-16,-249,minecraft:mob_spawner
-495,-30,-245,minecraft:blast_furnace
-496,-30,-243,minecraft:campfire
-509,-18,-248,minecraft:sculk_shrieker
-504,-18,-252,minecraft:sculk_sensor
-497,-29,-245,minecraft:brewing_stand
-508,-18,-245,minecraft:sculk_sensor
-313,-20,-261,minecraft:mob_spawner
-309,-22,-260,minecraft:sculk_sensor
-312,-22,-259,minecraft:sculk_shrieker
-316,-22,-264,minecraft:sculk_sensor
-309,30,-260,minecraft:furnace
-309,30,-262,minecraft:campfire
-366,26,-271,minecraft:furnace
-367,26,-269,minecraft:campfire
-477,-26,-272,minecraft:campfire
-105,1,-261,minecraft:mob_spawner
-108,-1,-264,minecraft:sculk_sensor
-101,-1,-260,minecraft:sculk_sensor
-104,-1,-259,minecraft:sculk_shrieker
-508,-1,162,minecraft:blast_furnace
-509,-1,164,minecraft:campfire
-513,-6,173,minecraft:smoker
-515,-6,173,minecraft:campfire
21,-15,-233,minecraft:mob_spawner
19,-17,-232,minecraft:sculk_shrieker
24,-17,-236,minecraft:sculk_sensor
20,-17,-229,minecraft:sculk_sensor
-434,-48,213,minecraft:mob_spawner
-453,24,213,minecraft:mob_spawner
-536,-41,-85,minecraft:campfire
-538,-41,-84,minecraft:smoker
-537,-24,-34,minecraft:campfire
-535,-24,-33,minecraft:smoker
-539,-7,150,minecraft:campfire
-539,-7,148,minecraft:furnace
-427,-4,226,minecraft:furnace
-429,-4,226,minecraft:campfire
-373,-24,253,minecraft:mob_spawner
-138,75,246,minecraft:campfire
-137,-32,251,minecraft:campfire
-136,-32,253,minecraft:blast_furnace
-389,-39,266,minecraft:mob_spawner
-300,33,267,minecraft:furnace
-300,33,265,minecraft:campfire
-343,13,266,minecraft:blast_furnace
-345,13,266,minecraft:campfire
-325,8,262,minecraft:campfire
-323,9,261,minecraft:brewing_stand
-323,8,263,minecraft:blast_furnace
-427,46,277,minecraft:mob_spawner
-406,-40,287,minecraft:mob_spawner
-519,-25,277,minecraft:mob_spawner
-523,-27,276,minecraft:sculk_sensor
-520,-27,275,minecraft:sculk_shrieker
-516,-27,280,minecraft:sculk_sensor
-393,-4,297,minecraft:campfire
-391,-4,296,minecraft:furnace
-309,-40,292,minecraft:blast_furnace
-308,-40,294,minecraft:campfire
-433,-40,294,minecraft:furnace
-435,-40,293,minecraft:campfire
-350,-34,318,minecraft:campfire
-453,17,315,minecraft:mob_spawner
-453,-11,313,minecraft:mob_spawner
-456,-13,316,minecraft:sculk_sensor
-451,-13,312,minecraft:sculk_shrieker
-452,-13,309,minecraft:sculk_sensor
-468,14,319,minecraft:furnace
-470,14,318,minecraft:campfire
-350,-34,320,minecraft:furnace
-512,55,329,minecraft:campfire
-442,35,326,minecraft:furnace
-443,35,328,minecraft:campfire
-523,-25,327,minecraft:campfire
-521,-25,327,minecraft:smoker
-444,36,349,minecraft:blast_furnace
-446,36,350,minecraft:campfire
-536,-44,320,minecraft:furnace
-534,-44,321,minecraft:campfire
-298,-22,352,minecraft:smoker
-298,-22,354,minecraft:campfire
-396,63,361,minecraft:campfire
-454,70,365,minecraft:campfire
-261,65,364,minecraft:sculk_catalyst
-260,69,362,minecraft:sculk_catalyst
-258,70,363,minecraft:blast_furnace
-259,69,362,minecraft:sculk_catalyst
-258,70,362,minecraft:smoker
-258,74,361,minecraft:sculk_shrieker
-258,65,364,minecraft:furnace
-260,66,367,minecraft:sculk_catalyst
-258,66,366,minecraft:sculk_shrieker
-71,-9,-262,minecraft:campfire
-70,-9,-260,minecraft:smoker
-306,84,-275,minecraft:beehive
-403,-8,-285,minecraft:campfire
-403,-8,-287,minecraft:smoker
-289,82,-303,minecraft:campfire
-267,-47,-290,minecraft:mob_spawner
-285,82,-294,minecraft:campfire
-197,-25,-289,minecraft:smoker
-198,-25,-291,minecraft:campfire
-152,9,-314,minecraft:mob_spawner
-181,18,-318,minecraft:mob_spawner
-328,-61,-319,minecraft:mob_spawner
-309,-15,-327,minecraft:mob_spawner
-290,-16,-308,minecraft:campfire
-292,-16,-308,minecraft:furnace
-349,80,-335,minecraft:beehive
-308,-17,-331,minecraft:sculk_sensor
-307,-17,-328,minecraft:sculk_shrieker
-312,-17,-324,minecraft:sculk_sensor
-437,39,-325,minecraft:mob_spawner
-147,14,-344,minecraft:mob_spawner
-93,4,-336,minecraft:campfire
-92,4,-334,minecraft:smoker
-107,-37,-339,minecraft:brewing_stand
-108,-38,-339,minecraft:blast_furnace
-108,-38,-341,minecraft:campfire
-391,77,-350,minecraft:furnace
-374,-8,-324,minecraft:blast_furnace
-374,-8,-326,minecraft:campfire
-455,-10,-277,minecraft:campfire
-457,-10,-276,minecraft:blast_furnace
-342,-41,-347,minecraft:campfire
-344,-40,-347,minecraft:brewing_stand
-344,-41,-348,minecraft:blast_furnace
-391,-6,-363,minecraft:mob_spawner
-396,-3,-345,minecraft:smoker
-398,-40,-347,minecraft:campfire
-396,-3,-347,minecraft:campfire
-398,-40,-349,minecraft:furnace
-388,-8,-360,minecraft:sculk_sensor
-392,-8,-365,minecraft:sculk_shrieker
-395,-8,-364,minecraft:sculk_sensor
-265,-3,-356,minecraft:blast_furnace
-265,-3,-358,minecraft:campfire
-469,-50,-290,minecraft:blast_furnace
-475,-26,-273,minecraft:furnace
-470,-50,-288,minecraft:campfire
-541,-44,-182,minecraft:campfire
-541,-44,-184,minecraft:blast_furnace
-491,-7,-361,minecraft:mob_spawner
-492,-9,-357,minecraft:sculk_sensor
-493,-9,-360,minecraft:sculk_shrieker
-488,-9,-364,minecraft:sculk_sensor
-502,22,398,minecraft:campfire
-154,72,15,christmasfestivity:christmas_present
69,-21,279,minecraft:mob_spawner
68,-23,283,minecraft:sculk_sensor
67,-23,280,minecraft:sculk_shrieker
72,-23,276,minecraft:sculk_sensor
110,-40,-23,minecraft:campfire
110,-40,-21,minecraft:blast_furnace
97,-21,-105,minecraft:furnace
96,-21,-107,minecraft:campfire
111,-37,242,minecraft:campfire
121,-39,-77,minecraft:mob_spawner
119,-42,-170,minecraft:furnace
120,-42,-172,minecraft:campfire
-26,-8,-295,minecraft:brewing_stand
-28,-9,-295,minecraft:furnace
-27,-9,-297,minecraft:campfire
-53,-31,-311,minecraft:mob_spawner
-52,-33,-315,minecraft:sculk_sensor
-51,-33,-312,minecraft:sculk_shrieker
-56,-33,-308,minecraft:sculk_sensor
-63,-14,-365,minecraft:furnace
-64,-14,-363,minecraft:campfire
-373,55,-373,minecraft:mob_spawner
-356,-43,-384,minecraft:blast_furnace
-309,-46,-375,minecraft:mob_spawner
-308,-48,-379,minecraft:sculk_sensor
-78,-46,-382,minecraft:campfire
-77,-46,-384,minecraft:furnace
-114,-38,-376,minecraft:furnace
-112,-38,-376,minecraft:campfire
-135,-4,-373,minecraft:blast_furnace
-137,-4,-373,minecraft:campfire
-384,78,-415,minecraft:sculk_catalyst
-389,78,-414,minecraft:sculk_catalyst
-387,80,-414,minecraft:sculk_shrieker
-388,78,-416,minecraft:sculk_catalyst
-390,78,-414,minecraft:sculk_catalyst
-389,78,-411,minecraft:sculk_catalyst
-386,79,-414,minecraft:sculk_catalyst
-388,79,-412,minecraft:sculk_catalyst
-387,79,-414,minecraft:sculk_catalyst
-385,78,-410,minecraft:sculk_catalyst
-386,78,-411,minecraft:sculk_catalyst
-421,29,-408,minecraft:campfire
-423,29,-408,minecraft:furnace
-427,-5,-425,minecraft:mob_spawner
-424,-7,-428,minecraft:sculk_sensor
-429,-7,-424,minecraft:sculk_shrieker
-428,-7,-421,minecraft:sculk_sensor
-473,-46,-432,minecraft:campfire
-471,-47,-464,minecraft:campfire
-471,-46,-433,minecraft:blast_furnace
-472,-12,-467,minecraft:campfire
-470,-12,-467,minecraft:furnace
-473,-47,-465,minecraft:blast_furnace
94,13,-248,minecraft:campfire
38,-12,-287,minecraft:furnace
39,-12,-289,minecraft:campfire
-555,43,11,minecraft:mob_spawner
-558,-41,-174,minecraft:campfire
-558,-38,-169,minecraft:brewing_stand
-558,-39,-170,minecraft:blast_furnace
-560,-39,-169,minecraft:campfire
-557,-41,-172,minecraft:furnace
-558,-45,-85,minecraft:blast_furnace
-556,-45,-86,minecraft:campfire
-556,-6,-181,minecraft:sculk_sensor
-557,-6,-184,minecraft:sculk_shrieker
-555,-4,-185,minecraft:mob_spawner
-552,-6,-188,minecraft:sculk_sensor
-555,19,-251,minecraft:mob_spawner
-555,-4,-249,minecraft:mob_spawner
-508,-34,-284,minecraft:furnace
-506,-34,-284,minecraft:campfire
-528,-40,-288,minecraft:smoker
-556,-6,-245,minecraft:sculk_sensor
-557,-6,-248,minecraft:sculk_shrieker
-552,-6,-252,minecraft:sculk_sensor
-571,29,-69,minecraft:mob_spawner
-571,17,-133,minecraft:mob_spawner
-527,-40,-290,minecraft:campfire
-559,-26,-293,minecraft:blast_furnace
-558,-26,-295,minecraft:campfire
-507,28,-315,minecraft:mob_spawner
-593,-53,-51,minecraft:sculk_sensor
-600,-52,-39,minecraft:sculk_catalyst
-595,28,-96,minecraft:blast_furnace
-605,-41,-99,minecraft:smoker
-607,-41,-99,minecraft:campfire
-593,28,-97,minecraft:campfire
-624,-51,-46,minecraft:sculk_catalyst
-619,-44,-47,minecraft:sculk_sensor
-612,-50,-55,minecraft:sculk_catalyst
-615,-49,-52,minecraft:sculk_sensor
-616,-50,-57,minecraft:sculk_sensor
-540,-48,-327,minecraft:campfire
-539,-48,-325,minecraft:furnace
-622,-52,-328,minecraft:sculk_sensor
-622,-53,-326,minecraft:sculk_sensor
-619,-54,-325,minecraft:sculk_sensor
-620,-54,-325,minecraft:sculk_sensor
-621,-54,-325,minecraft:sculk_catalyst
-612,-54,-274,minecraft:sculk_sensor
-635,69,-43,minecraft:mob_spawner
-626,0,-195,minecraft:campfire
-628,0,-194,minecraft:furnace
-625,-51,-327,minecraft:sculk_sensor
-633,-33,-318,minecraft:furnace
-635,-33,-317,minecraft:campfire
-644,-14,8,minecraft:sculk_sensor
-651,-14,4,minecraft:sculk_sensor
-648,-14,3,minecraft:sculk_shrieker
-647,-12,5,minecraft:mob_spawner
-651,35,-12,minecraft:campfire
-653,36,-11,minecraft:brewing_stand
-653,35,-12,minecraft:furnace
-645,74,-123,minecraft:mob_spawner
-652,-50,-130,minecraft:sculk_catalyst
-652,20,-183,minecraft:campfire
-650,-20,-305,minecraft:mob_spawner
-648,-21,-365,minecraft:mob_spawner
-657,-50,-130,minecraft:sculk_shrieker
-669,5,-135,minecraft:campfire
-668,5,-137,minecraft:furnace
-671,2,-72,minecraft:furnace
-670,-37,-10,minecraft:sculk_catalyst
-668,-36,-11,minecraft:sculk_shrieker
-664,-31,-11,minecraft:brewing_stand
-664,-32,-12,minecraft:furnace
-666,-32,-12,minecraft:campfire
-666,-37,-10,minecraft:sculk_sensor
-667,-38,-10,minecraft:sculk_sensor
-669,-40,-10,minecraft:sculk_sensor
-668,-15,-304,minecraft:mob_spawner
-669,-10,-213,minecraft:furnace
-667,-10,-213,minecraft:campfire
-666,-18,-367,minecraft:mob_spawner
-654,-28,-344,minecraft:campfire
-652,-28,-345,minecraft:blast_furnace
-674,-41,-8,minecraft:sculk_catalyst
-676,-41,-7,minecraft:sculk_catalyst
-673,-40,-9,minecraft:sculk_shrieker
-674,-40,-9,minecraft:sculk_sensor
-675,-40,-8,minecraft:sculk_sensor
-683,-41,-6,minecraft:sculk_sensor
-688,-41,-4,minecraft:sculk_shrieker
-676,-24,-49,minecraft:campfire
-678,-24,-48,minecraft:furnace
-683,-23,-80,minecraft:campfire
-673,2,-72,minecraft:campfire
-681,-23,-81,minecraft:furnace
-678,-42,-92,minecraft:furnace
-680,-42,-93,minecraft:campfire
-683,19,-123,minecraft:mob_spawner
-663,-33,-324,minecraft:campfire
-662,-33,-326,minecraft:furnace
-683,-50,-361,minecraft:mob_spawner
-662,-14,-366,minecraft:furnace
-661,-15,-364,minecraft:blast_furnace
-662,-15,-362,minecraft:campfire
-664,-14,-367,minecraft:campfire
-550,-39,-399,minecraft:mob_spawner
-514,-42,-400,minecraft:blast_furnace
-512,-42,-399,minecraft:campfire
-699,65,-379,minecraft:mob_spawner
-704,91,-374,minecraft:beehive
-688,-51,-369,minecraft:sculk_sensor
-685,-52,-360,minecraft:sculk_shrieker
-684,-52,-357,minecraft:sculk_sensor
-680,-52,-364,minecraft:sculk_sensor
-679,-52,-360,minecraft:sculk_catalyst
-693,62,-299,minecraft:mob_spawner
-699,-52,-367,minecraft:sculk_catalyst
-689,-52,-368,minecraft:sculk_sensor
-692,-53,-366,minecraft:sculk_sensor
-694,-53,-367,minecraft:sculk_sensor
-690,-52,-366,minecraft:sculk_catalyst
-627,-19,-405,minecraft:mob_spawner
-488,-11,-408,minecraft:campfire
-709,-32,-247,minecraft:mob_spawner
-712,-34,-244,minecraft:sculk_sensor
-707,-34,-248,minecraft:sculk_shrieker
-708,-34,-251,minecraft:sculk_sensor
-716,22,-288,minecraft:campfire
-716,22,-286,minecraft:furnace
-617,-36,-415,minecraft:furnace
-621,-50,-416,minecraft:campfire
-619,-50,-416,minecraft:furnace
-712,-44,-297,minecraft:sculk_sensor
-719,-42,-301,minecraft:sculk_sensor
-711,-44,-296,minecraft:sculk_sensor
-716,-42,-300,minecraft:sculk_sensor
-718,-42,-299,minecraft:sculk_sensor
-712,-41,-299,minecraft:sculk_sensor
-716,-43,-298,minecraft:sculk_catalyst
-714,-42,-300,minecraft:sculk_sensor
-709,-23,-402,minecraft:mob_spawner
-571,-16,-425,minecraft:mob_spawner
-573,-18,-424,minecraft:sculk_shrieker
-568,-18,-428,minecraft:sculk_sensor
-572,-18,-421,minecraft:sculk_sensor
-576,-53,-432,minecraft:furnace
-576,-53,-430,minecraft:campfire
-604,-35,-431,minecraft:smoker
-606,-50,-426,minecraft:campfire
-607,-50,-428,minecraft:furnace
-729,-44,-246,minecraft:sculk_sensor
-721,-43,-252,minecraft:sculk_sensor
-731,-44,-249,minecraft:sculk_sensor
-733,-43,-246,minecraft:sculk_catalyst
-731,-44,-248,minecraft:sculk_sensor
-616,-36,-417,minecraft:campfire
-622,-4,-431,minecraft:campfire
-721,-41,-300,minecraft:sculk_sensor
-733,57,-391,minecraft:campfire
-727,20,-421,minecraft:campfire
-725,20,-420,minecraft:blast_furnace
-728,-53,-329,minecraft:sculk_shrieker
-617,-1,-437,minecraft:mob_spawner
-746,-16,-183,minecraft:campfire
-752,-45,-179,minecraft:furnace
-746,-16,-181,minecraft:furnace
-580,-50,-438,minecraft:sculk_sensor
-507,-49,-441,minecraft:mob_spawner
-504,-51,-444,minecraft:sculk_sensor
-509,-51,-440,minecraft:sculk_shrieker
-508,-51,-437,minecraft:sculk_sensor
-604,-35,-433,minecraft:campfire
-616,-3,-435,minecraft:sculk_shrieker
-613,-3,-436,minecraft:sculk_sensor
-620,-3,-440,minecraft:sculk_sensor
-749,44,-250,minecraft:mob_spawner
-746,-33,-250,minecraft:sculk_catalyst
-752,-50,-226,minecraft:sculk_sensor
-739,-51,-210,minecraft:sculk_sensor
-740,-51,-213,minecraft:sculk_sensor
-741,-49,-215,minecraft:sculk_sensor
-747,47,-363,minecraft:mob_spawner
-749,-53,-98,minecraft:sculk_sensor
-743,-45,-89,minecraft:sculk_catalyst
-743,-48,-115,minecraft:sculk_sensor
-742,-48,-117,minecraft:sculk_catalyst
-762,-14,-118,minecraft:furnace
-760,-14,-119,minecraft:campfire
-757,-53,-107,minecraft:sculk_shrieker
-757,11,-235,minecraft:mob_spawner
-743,-53,-328,minecraft:sculk_sensor
-763,98,-363,minecraft:sculk_catalyst
-768,98,-364,minecraft:sculk_catalyst
-766,99,-365,minecraft:sculk_catalyst
-766,99,-366,minecraft:sculk_catalyst
-766,100,-365,minecraft:sculk_shrieker
-766,98,-362,minecraft:sculk_catalyst
-766,98,-363,minecraft:sculk_catalyst
-763,98,-366,minecraft:sculk_catalyst
-762,98,-367,minecraft:sculk_catalyst
-764,99,-364,minecraft:sculk_catalyst
-767,98,-368,minecraft:sculk_catalyst
-629,33,-453,minecraft:mob_spawner
-731,14,-436,minecraft:smoker
-731,14,-434,minecraft:campfire
-545,8,-463,minecraft:furnace
-547,8,-462,minecraft:campfire
-523,-52,-450,minecraft:sculk_catalyst
-608,-49,-463,minecraft:sculk_sensor
-607,-52,-462,minecraft:sculk_catalyst
-613,-53,-457,minecraft:sculk_sensor
-757,-50,-228,minecraft:sculk_sensor
-757,-52,-229,minecraft:sculk_sensor
-760,-53,-230,minecraft:sculk_catalyst
-754,-45,-178,minecraft:campfire
-780,-26,-234,minecraft:sculk_sensor
-782,-26,-235,minecraft:sculk_sensor
-766,0,-360,minecraft:campfire
-764,0,-360,minecraft:smoker
-757,-52,-415,minecraft:sculk_sensor
-757,-54,-414,minecraft:sculk_sensor
-754,-54,-413,minecraft:sculk_shrieker
-782,26,-129,minecraft:campfire
-784,26,-129,minecraft:furnace
-773,1,-455,minecraft:mob_spawner
-782,-49,-164,minecraft:sculk_sensor
-782,-49,-163,minecraft:sculk_sensor
-784,-51,-163,minecraft:sculk_sensor
-779,-50,-351,minecraft:sculk_sensor
-691,97,-476,minecraft:beehive
-691,-44,-462,minecraft:sculk_sensor
-692,-44,-462,minecraft:sculk_catalyst
-683,-41,-461,minecraft:sculk_sensor
-688,-43,-461,minecraft:sculk_sensor
-728,-45,-456,minecraft:sculk_sensor
-724,-41,-452,minecraft:sculk_sensor
-734,-48,-458,minecraft:sculk_sensor
-738,-49,-462,minecraft:sculk_catalyst
-742,-47,-462,minecraft:sculk_sensor
-737,-49,-458,minecraft:sculk_sensor
-765,-18,-476,minecraft:campfire
-767,-18,-475,minecraft:smoker
-606,-53,-478,minecraft:sculk_sensor
-779,-42,-389,minecraft:sculk_shrieker
-777,-43,-393,minecraft:sculk_sensor
-777,-42,-386,minecraft:sculk_sensor
-778,-42,-388,minecraft:sculk_sensor
-779,-44,-396,minecraft:sculk_sensor
-770,-54,-467,minecraft:sculk_sensor
-772,-1,-459,minecraft:sculk_sensor
-776,-1,-452,minecraft:sculk_sensor
-771,-1,-456,minecraft:sculk_shrieker
-575,-27,-471,minecraft:campfire
-573,-27,-472,minecraft:furnace
-539,-32,-474,minecraft:sculk_sensor
-791,-52,-337,minecraft:sculk_sensor
-786,-51,-349,minecraft:sculk_sensor
-793,-48,-338,minecraft:sculk_catalyst
-790,-51,-330,minecraft:sculk_sensor
-795,-40,-193,minecraft:sculk_sensor
-797,-40,-194,minecraft:sculk_sensor
-797,-41,-193,minecraft:sculk_sensor
-791,-36,-195,minecraft:sculk_sensor
-788,-40,-184,minecraft:sculk_catalyst
-793,-40,-186,minecraft:sculk_sensor
-794,-41,-187,minecraft:sculk_sensor
-798,-42,-187,minecraft:sculk_catalyst
-799,-42,-187,minecraft:sculk_sensor
-797,-42,-187,minecraft:sculk_sensor
-785,-50,-163,minecraft:sculk_sensor
-797,-47,-311,minecraft:sculk_sensor
-797,-47,-313,minecraft:sculk_sensor
-798,-47,-309,minecraft:sculk_sensor
-791,-41,-213,minecraft:sculk_catalyst
-795,-45,-211,minecraft:sculk_sensor
-786,-38,-223,minecraft:sculk_sensor
-798,-41,-214,minecraft:sculk_shrieker
-798,-42,-213,minecraft:sculk_sensor
-799,-39,-215,minecraft:sculk_sensor
-798,-44,-461,minecraft:sculk_catalyst
-606,-7,-483,minecraft:mob_spawner
-519,0,-491,minecraft:mob_spawner
-527,-40,-496,minecraft:furnace
-528,-40,-494,minecraft:campfire
-523,-2,-492,minecraft:sculk_sensor
-520,-2,-493,minecraft:sculk_shrieker
-524,-39,-488,minecraft:sculk_sensor
-516,-2,-488,minecraft:sculk_sensor
-535,-35,-496,minecraft:sculk_sensor
-533,-34,-488,minecraft:sculk_catalyst
-800,23,-495,minecraft:mob_spawner
-781,-18,-492,minecraft:campfire
-783,-18,-493,minecraft:furnace
-797,-53,-488,minecraft:sculk_shrieker
-797,-53,-487,minecraft:sculk_sensor
-813,40,-295,minecraft:mob_spawner
-812,96,-200,minecraft:beehive
-812,-27,-303,minecraft:sculk_sensor
-813,-52,-341,minecraft:sculk_sensor
-809,-54,-348,minecraft:sculk_sensor
-803,-53,-338,minecraft:sculk_sensor
-808,-53,-344,minecraft:sculk_catalyst
-813,-51,-333,minecraft:sculk_sensor
-807,-53,-336,minecraft:sculk_sensor
-807,-52,-328,minecraft:sculk_sensor
-816,-41,-268,minecraft:sculk_sensor
-812,-42,-271,minecraft:sculk_sensor
-814,-40,-262,minecraft:sculk_sensor
-812,-42,-266,minecraft:sculk_sensor
-814,-40,-261,minecraft:sculk_sensor
-814,-41,-266,minecraft:sculk_sensor
-816,-42,-265,minecraft:sculk_catalyst
-816,-42,-264,minecraft:sculk_catalyst
-815,-40,-262,minecraft:sculk_sensor
-815,-41,-263,minecraft:sculk_catalyst
-807,-34,-241,minecraft:sculk_sensor
-812,-34,-238,minecraft:sculk_sensor
-808,-34,-239,minecraft:sculk_shrieker
-813,-32,-239,minecraft:sculk_sensor
-813,-33,-240,minecraft:sculk_sensor
-809,-34,-230,minecraft:sculk_sensor
-801,-41,-213,minecraft:sculk_sensor
-804,-43,-188,minecraft:sculk_sensor
-802,-43,-191,minecraft:sculk_sensor
-807,90,-146,minecraft:beehive
-803,-54,-496,minecraft:sculk_sensor
-821,41,-427,minecraft:mob_spawner
-825,-30,-309,minecraft:sculk_sensor
-820,-30,-308,minecraft:sculk_sensor
-822,-31,-308,minecraft:sculk_sensor
-821,-31,-309,minecraft:sculk_sensor
-822,-31,-309,minecraft:sculk_catalyst
-820,33,-290,minecraft:furnace
-819,33,-292,minecraft:campfire
-818,-23,-290,minecraft:sculk_catalyst
-818,34,-218,minecraft:mob_spawner
-829,-51,-343,minecraft:furnace
-829,-51,-341,minecraft:campfire
-831,19,-331,minecraft:furnace
-830,19,-329,minecraft:campfire
-831,-34,-283,minecraft:sculk_sensor
-827,-21,-276,minecraft:sculk_sensor
-819,-53,-361,minecraft:sculk_sensor
-819,-53,-356,minecraft:sculk_shrieker
-818,-53,-355,minecraft:sculk_sensor
-821,-51,-361,minecraft:sculk_catalyst
-821,-37,-264,minecraft:sculk_sensor
-820,-39,-266,minecraft:sculk_sensor
-819,-39,-265,minecraft:sculk_sensor
-817,-41,-269,minecraft:sculk_sensor
-819,-39,-269,minecraft:sculk_sensor
-832,-22,-272,minecraft:sculk_sensor
-821,34,-181,minecraft:mob_spawner
-820,-42,-211,minecraft:sculk_sensor
-840,-43,-251,minecraft:sculk_sensor
-837,-41,-252,minecraft:sculk_catalyst
-841,-43,-255,minecraft:sculk_shrieker
-848,-33,-280,minecraft:sculk_shrieker
-846,-32,-282,minecraft:sculk_sensor
-833,-28,-284,minecraft:sculk_sensor
-833,-37,-278,minecraft:sculk_sensor
-843,-33,-280,minecraft:sculk_sensor
-848,-32,-275,minecraft:sculk_catalyst
-837,-29,-274,minecraft:sculk_sensor
-837,-27,-288,minecraft:sculk_catalyst
-840,-45,-262,minecraft:sculk_sensor
-841,-45,-261,minecraft:sculk_catalyst
-842,-43,-265,minecraft:sculk_sensor
-835,-22,-272,minecraft:sculk_sensor
-840,-45,-261,minecraft:sculk_sensor
-833,-22,-272,minecraft:sculk_catalyst
-840,-45,-259,minecraft:sculk_shrieker
-839,-25,-171,minecraft:mob_spawner
-850,-31,-275,minecraft:sculk_sensor
-849,-33,-278,minecraft:sculk_sensor
-849,-33,-280,minecraft:sculk_catalyst
-849,-32,-275,minecraft:sculk_sensor
-836,-27,-168,minecraft:sculk_sensor
-843,-27,-172,minecraft:sculk_sensor
-840,-27,-173,minecraft:sculk_shrieker
-875,25,-171,minecraft:mob_spawner
-873,37,-217,minecraft:campfire
-875,37,-217,minecraft:furnace
-869,-48,-190,minecraft:sculk_sensor
-874,-46,-186,minecraft:sculk_sensor
-875,-49,-169,minecraft:sculk_shrieker
-868,-45,-173,minecraft:sculk_shrieker
-869,-45,-169,minecraft:sculk_catalyst
-875,-48,-166,minecraft:sculk_sensor
-879,-52,-167,minecraft:sculk_sensor
-871,-47,-173,minecraft:sculk_sensor
-875,-48,-164,minecraft:sculk_sensor
-879,-51,-163,minecraft:sculk_sensor
-875,-48,-165,minecraft:sculk_sensor
-880,-52,-164,minecraft:sculk_sensor
-878,-50,-161,minecraft:sculk_sensor
-876,-48,-161,minecraft:sculk_sensor
-879,-51,-162,minecraft:sculk_sensor
-571,-34,-510,minecraft:sculk_sensor
-572,-35,-509,minecraft:sculk_sensor
-569,-33,-508,minecraft:sculk_shrieker
-572,-33,-498,minecraft:sculk_sensor
-859,-47,-154,minecraft:sculk_catalyst
-715,-13,-511,minecraft:blast_furnace
-713,-13,-510,minecraft:campfire
-801,-55,-509,minecraft:sculk_catalyst
-804,-54,-501,minecraft:sculk_sensor
-805,-53,-499,minecraft:sculk_catalyst
-804,-54,-499,minecraft:sculk_sensor
-802,-54,-497,minecraft:sculk_shrieker
-848,-50,-510,minecraft:sculk_sensor
-850,-53,-507,minecraft:sculk_sensor
-851,-54,-508,minecraft:sculk_sensor
-775,2,-514,minecraft:blast_furnace
-773,2,-514,minecraft:campfire
-755,-42,-514,minecraft:sculk_sensor
-738,-43,-525,minecraft:sculk_catalyst
-802,-49,-515,minecraft:sculk_sensor
-643,-8,-527,minecraft:mob_spawner
-633,-8,-524,minecraft:mob_spawner
-601,-37,-515,minecraft:sculk_sensor
-600,-41,-519,minecraft:sculk_sensor
-601,-37,-514,minecraft:sculk_catalyst
-869,-48,-543,minecraft:sculk_sensor
-867,-48,-544,minecraft:sculk_sensor
-871,-48,-544,minecraft:sculk_sensor
-581,-31,-519,minecraft:mob_spawner
-580,-33,-523,minecraft:sculk_sensor
-584,-33,-516,minecraft:sculk_sensor
-579,-33,-520,minecraft:sculk_shrieker
-730,-27,-535,minecraft:sculk_sensor
-729,31,-533,minecraft:campfire
-723,-29,-535,minecraft:sculk_sensor
-726,-30,-532,minecraft:sculk_catalyst
-727,31,-533,minecraft:smoker
-727,-24,-538,minecraft:sculk_sensor
-712,-35,-529,minecraft:campfire
-710,-35,-530,minecraft:furnace
-711,-34,-537,minecraft:sculk_catalyst
-713,-34,-533,minecraft:sculk_sensor
-712,-35,-533,minecraft:sculk_sensor
-699,-42,-539,minecraft:sculk_sensor
-593,-38,-541,minecraft:sculk_sensor
-744,-40,-530,minecraft:sculk_sensor
-823,-50,-529,minecraft:sculk_sensor
-875,76,-555,minecraft:mob_spawner
-870,-46,-545,minecraft:sculk_catalyst
-867,-45,-546,minecraft:sculk_sensor
-817,-48,-555,minecraft:sculk_sensor
-727,-15,-545,minecraft:sculk_sensor
-702,-32,-548,minecraft:sculk_sensor
-573,-11,-551,minecraft:mob_spawner
-642,-14,-574,minecraft:mob_spawner
-811,-47,-569,minecraft:mob_spawner
-837,75,-571,minecraft:mob_spawner
-731,-17,-575,minecraft:sculk_sensor
-729,-20,-572,minecraft:sculk_sensor
-730,-19,-572,minecraft:sculk_sensor
-731,-17,-573,minecraft:sculk_sensor
-697,-53,-570,minecraft:sculk_sensor
-768,-13,-561,minecraft:sculk_sensor
-770,-13,-563,minecraft:sculk_shrieker
-585,-24,-568,minecraft:blast_furnace
-583,-24,-567,minecraft:campfire
-562,-18,-569,minecraft:campfire
-562,-18,-571,minecraft:furnace
-807,-43,-576,minecraft:sculk_sensor
-808,-44,-576,minecraft:sculk_sensor
-812,-49,-565,minecraft:sculk_sensor
-808,-49,-572,minecraft:sculk_sensor
-806,-46,-571,minecraft:sculk_sensor
-806,-43,-568,minecraft:sculk_catalyst
-813,-49,-568,minecraft:sculk_shrieker
-833,-48,-575,minecraft:sculk_sensor
-547,-30,-516,minecraft:sculk_catalyst
-549,-20,-549,minecraft:smoker
-549,-20,-551,minecraft:campfire
-543,119,-527,minecraft:daylight_detector
-543,119,-525,minecraft:daylight_detector
-543,119,-523,minecraft:daylight_detector
-529,118,-521,minecraft:daylight_detector
-529,118,-519,minecraft:daylight_detector
-529,118,-517,minecraft:daylight_detector
-529,118,-527,minecraft:daylight_detector
-529,118,-525,minecraft:daylight_detector
-529,118,-523,minecraft:daylight_detector
-544,118,-521,minecraft:daylight_detector
-544,118,-519,minecraft:daylight_detector
-544,118,-517,minecraft:daylight_detector
-544,118,-527,minecraft:daylight_detector
-544,118,-525,minecraft:daylight_detector
-544,118,-523,minecraft:daylight_detector
-530,119,-518,minecraft:daylight_detector
-536,117,-523,minecraft:hopper
-537,117,-521,minecraft:hopper
-530,119,-526,minecraft:daylight_detector
-536,117,-521,minecraft:hopper
-537,117,-519,minecraft:hopper
-530,119,-524,minecraft:daylight_detector
-536,117,-519,minecraft:hopper
-537,119,-516,minecraft:daylight_detector
-530,119,-522,minecraft:daylight_detector
-536,119,-516,minecraft:daylight_detector
-530,119,-520,minecraft:daylight_detector
-543,119,-522,minecraft:daylight_detector
-543,119,-520,minecraft:daylight_detector
-543,119,-518,minecraft:daylight_detector
-537,117,-523,minecraft:hopper
-530,119,-528,minecraft:daylight_detector
-543,119,-528,minecraft:daylight_detector
-543,119,-526,minecraft:daylight_detector
-543,119,-524,minecraft:daylight_detector
-534,118,-516,minecraft:daylight_detector
-529,118,-520,minecraft:daylight_detector
-533,118,-516,minecraft:daylight_detector
-532,118,-516,minecraft:daylight_detector
-529,114,-522,minecraft:sculk_shrieker
-529,118,-518,minecraft:daylight_detector
-531,118,-516,minecraft:daylight_detector
-530,118,-516,minecraft:daylight_detector
-542,118,-516,minecraft:daylight_detector
-529,118,-528,minecraft:daylight_detector
-541,118,-516,minecraft:daylight_detector
-540,118,-516,minecraft:daylight_detector
-529,118,-526,minecraft:daylight_detector
-539,118,-516,minecraft:daylight_detector
-538,118,-516,minecraft:daylight_detector
-529,118,-524,minecraft:daylight_detector
-529,118,-522,minecraft:daylight_detector
-535,118,-516,minecraft:daylight_detector
-544,118,-522,minecraft:daylight_detector
-544,118,-520,minecraft:daylight_detector
-544,118,-518,minecraft:daylight_detector
-543,118,-516,minecraft:daylight_detector
-544,118,-528,minecraft:daylight_detector
-544,118,-526,minecraft:daylight_detector
-544,118,-524,minecraft:daylight_detector
-530,119,-519,minecraft:daylight_detector
-532,119,-517,minecraft:daylight_detector
-531,119,-517,minecraft:daylight_detector
-530,119,-517,minecraft:daylight_detector
-529,113,-522,minecraft:sculk_catalyst
-531,115,-517,minecraft:hopper
-537,117,-522,minecraft:hopper
-530,119,-527,minecraft:daylight_detector
-540,119,-517,minecraft:daylight_detector
-536,117,-522,minecraft:hopper
-539,119,-517,minecraft:daylight_detector
-537,117,-520,minecraft:hopper
-530,119,-525,minecraft:daylight_detector
-538,119,-517,minecraft:daylight_detector
-536,117,-520,minecraft:hopper
-530,119,-523,minecraft:daylight_detector
-535,119,-517,minecraft:daylight_detector
-530,119,-521,minecraft:daylight_detector
-534,119,-517,minecraft:daylight_detector
-533,119,-517,minecraft:daylight_detector
-543,119,-521,minecraft:daylight_detector
-543,119,-519,minecraft:daylight_detector
-543,119,-517,minecraft:daylight_detector
-542,119,-517,minecraft:daylight_detector
-541,119,-517,minecraft:daylight_detector
-543,113,-536,minecraft:sculk_catalyst
-530,119,-543,minecraft:daylight_detector
-543,119,-529,minecraft:daylight_detector
-530,119,-541,minecraft:daylight_detector
-530,119,-539,minecraft:daylight_detector
-530,119,-537,minecraft:daylight_detector
-543,119,-537,minecraft:daylight_detector
-543,119,-535,minecraft:daylight_detector
-543,113,-540,minecraft:sculk_catalyst
-542,113,-540,minecraft:sculk_catalyst
-543,119,-533,minecraft:daylight_detector
-543,119,-531,minecraft:daylight_detector
-529,118,-529,minecraft:daylight_detector
-543,119,-543,minecraft:daylight_detector
-543,119,-541,minecraft:daylight_detector
-543,119,-539,minecraft:daylight_detector
-529,118,-537,minecraft:daylight_detector
-529,118,-535,minecraft:daylight_detector
-529,118,-533,minecraft:daylight_detector
-529,118,-531,minecraft:daylight_detector
-541,112,-538,minecraft:sculk_catalyst
-543,112,-536,minecraft:sculk_catalyst
-544,118,-529,minecraft:daylight_detector
-540,112,-538,minecraft:sculk_catalyst
-529,118,-543,minecraft:daylight_detector
-538,112,-538,minecraft:sculk_catalyst
-540,112,-536,minecraft:sculk_catalyst
-529,118,-541,minecraft:daylight_detector
-537,112,-538,minecraft:sculk_catalyst
-539,112,-536,minecraft:sculk_catalyst
-538,112,-536,minecraft:sculk_catalyst
-529,118,-539,minecraft:daylight_detector
-544,118,-537,minecraft:daylight_detector
-544,118,-535,minecraft:daylight_detector
-544,118,-533,minecraft:daylight_detector
-542,112,-540,minecraft:sculk_catalyst
-543,112,-538,minecraft:sculk_catalyst
-544,118,-531,minecraft:daylight_detector
-544,118,-543,minecraft:daylight_detector
-544,118,-541,minecraft:daylight_detector
-544,118,-539,minecraft:daylight_detector
-530,119,-534,minecraft:daylight_detector
-530,119,-532,minecraft:daylight_detector
-530,119,-530,minecraft:daylight_detector
-540,113,-539,minecraft:sculk_shrieker
-543,119,-530,minecraft:daylight_detector
-530,119,-542,minecraft:daylight_detector
-530,119,-540,minecraft:daylight_detector
-530,119,-538,minecraft:daylight_detector
-530,119,-536,minecraft:daylight_detector
-543,119,-538,minecraft:daylight_detector
-543,119,-536,minecraft:daylight_detector
-543,119,-534,minecraft:daylight_detector
-543,119,-532,minecraft:daylight_detector
-541,113,-539,minecraft:sculk_catalyst
-530,119,-544,minecraft:daylight_detector
-543,119,-544,minecraft:daylight_detector
-543,119,-542,minecraft:daylight_detector
-543,119,-540,minecraft:daylight_detector
-529,118,-536,minecraft:daylight_detector
-529,118,-534,minecraft:daylight_detector
-529,118,-532,minecraft:daylight_detector
-529,118,-530,minecraft:daylight_detector
-543,112,-537,minecraft:sculk_catalyst
-544,118,-530,minecraft:daylight_detector
-540,112,-539,minecraft:sculk_catalyst
-529,118,-544,minecraft:daylight_detector
-529,118,-542,minecraft:daylight_detector
-539,112,-537,minecraft:sculk_catalyst
-536,112,-539,minecraft:sculk_catalyst
-538,112,-537,minecraft:sculk_catalyst
-529,118,-540,minecraft:daylight_detector
-529,118,-538,minecraft:daylight_detector
-544,118,-538,minecraft:daylight_detector
-544,118,-536,minecraft:daylight_detector
-544,118,-534,minecraft:daylight_detector
-544,118,-532,minecraft:daylight_detector
-543,114,-536,minecraft:sculk_shrieker
-544,118,-544,minecraft:daylight_detector
-544,118,-542,minecraft:daylight_detector
-544,118,-540,minecraft:daylight_detector
-530,119,-535,minecraft:daylight_detector
-530,119,-533,minecraft:daylight_detector
-530,119,-531,minecraft:daylight_detector
-530,119,-529,minecraft:daylight_detector
-530,119,-549,minecraft:daylight_detector
-531,119,-549,minecraft:daylight_detector
-532,119,-549,minecraft:daylight_detector
-530,119,-547,minecraft:daylight_detector
-530,119,-545,minecraft:daylight_detector
-541,119,-549,minecraft:daylight_detector
-542,119,-549,minecraft:daylight_detector
-543,119,-545,minecraft:daylight_detector
-543,119,-549,minecraft:daylight_detector
-533,119,-549,minecraft:daylight_detector
-534,119,-549,minecraft:daylight_detector
-535,119,-549,minecraft:daylight_detector
-536,119,-549,minecraft:daylight_detector
-537,119,-549,minecraft:daylight_detector
-538,119,-549,minecraft:daylight_detector
-539,119,-549,minecraft:daylight_detector
-540,119,-549,minecraft:daylight_detector
-543,119,-547,minecraft:daylight_detector
-529,118,-545,minecraft:daylight_detector
-529,118,-549,minecraft:daylight_detector
-529,118,-547,minecraft:daylight_detector
-544,118,-545,minecraft:daylight_detector
-544,118,-549,minecraft:daylight_detector
-544,118,-547,minecraft:daylight_detector
-530,119,-548,minecraft:daylight_detector
-530,119,-546,minecraft:daylight_detector
-543,119,-546,minecraft:daylight_detector
-543,119,-548,minecraft:daylight_detector
-529,118,-550,minecraft:daylight_detector
-530,118,-550,minecraft:daylight_detector
-531,118,-550,minecraft:daylight_detector
-532,118,-550,minecraft:daylight_detector
-529,118,-548,minecraft:daylight_detector
-529,118,-546,minecraft:daylight_detector
-541,118,-550,minecraft:daylight_detector
-544,118,-546,minecraft:daylight_detector
-542,118,-550,minecraft:daylight_detector
-543,118,-550,minecraft:daylight_detector
-544,118,-550,minecraft:daylight_detector
-533,118,-550,minecraft:daylight_detector
-534,118,-550,minecraft:daylight_detector
-535,118,-550,minecraft:daylight_detector
-536,118,-550,minecraft:daylight_detector
-537,118,-550,minecraft:daylight_detector
-538,118,-550,minecraft:daylight_detector
-539,118,-550,minecraft:daylight_detector
-544,118,-548,minecraft:daylight_detector
-540,118,-550,minecraft:daylight_detector
-533,-34,-515,minecraft:sculk_sensor
-531,25,-544,minecraft:campfire
-529,25,-544,minecraft:blast_furnace
-532,-45,-544,minecraft:sculk_catalyst
-541,-33,-536,minecraft:sculk_sensor
-533,-45,-539,minecraft:sculk_sensor
-537,-52,-554,minecraft:sculk_catalyst
-536,-53,-558,minecraft:sculk_sensor
-536,-53,-560,minecraft:sculk_sensor
-543,-49,-547,minecraft:sculk_catalyst
-536,-45,-574,minecraft:sculk_sensor
-534,-51,-567,minecraft:sculk_sensor
-535,-51,-567,minecraft:sculk_catalyst
-534,-51,-568,minecraft:sculk_sensor
-534,-51,-569,minecraft:sculk_sensor
-533,-36,-576,minecraft:sculk_sensor
-525,-48,-518,minecraft:sculk_sensor
-519,20,-532,minecraft:campfire
-520,20,-530,minecraft:blast_furnace
-506,-54,-543,minecraft:sculk_sensor
-512,-50,-555,minecraft:sculk_shrieker
-510,-51,-552,minecraft:sculk_sensor
-872,-49,-156,minecraft:sculk_sensor
-875,-51,-154,minecraft:sculk_sensor
-879,-52,-156,minecraft:sculk_sensor
-878,-52,-155,minecraft:sculk_sensor
-873,-47,-160,minecraft:sculk_sensor
-406,-11,-523,minecraft:furnace
-407,-11,-525,minecraft:campfire
-398,-29,-518,minecraft:campfire
-400,-29,-518,minecraft:blast_furnace
-674,-44,8,minecraft:sculk_sensor
-681,-8,9,minecraft:campfire
-679,-8,8,minecraft:furnace
-735,3,35,minecraft:furnace
-742,-30,-12,minecraft:sculk_sensor
-744,-28,-9,minecraft:sculk_catalyst
-739,-30,-5,minecraft:sculk_sensor
-739,-30,-6,minecraft:sculk_sensor
-744,-29,-16,minecraft:sculk_sensor
-749,-21,-44,minecraft:sculk_catalyst
-743,-26,-43,minecraft:sculk_sensor
-744,-25,-42,minecraft:sculk_catalyst
-744,-24,-42,minecraft:sculk_catalyst
-744,-25,-43,minecraft:sculk_sensor
-745,-23,-42,minecraft:sculk_sensor
-737,3,36,minecraft:campfire
-776,-16,-68,minecraft:sculk_sensor
-771,-16,-72,minecraft:sculk_shrieker
-773,-14,-71,minecraft:mob_spawner
-772,-16,-75,minecraft:sculk_sensor
-355,-43,-386,minecraft:campfire
-795,-36,-32,minecraft:sculk_catalyst
-812,-49,-80,minecraft:sculk_sensor
-805,-2,-1,minecraft:blast_furnace
-807,-2,-1,minecraft:campfire
-809,-48,-83,minecraft:sculk_catalyst
-816,-54,-82,minecraft:sculk_sensor
-818,-51,-85,minecraft:sculk_sensor
-819,-51,-84,minecraft:sculk_sensor
-819,-51,-83,minecraft:sculk_sensor
-818,-48,-85,minecraft:sculk_sensor
-823,-48,-84,minecraft:sculk_catalyst
-817,-53,-82,minecraft:sculk_sensor
-826,-51,-75,minecraft:furnace
-824,-51,-74,minecraft:campfire
-830,-48,-102,minecraft:sculk_sensor
-818,-50,-104,minecraft:sculk_sensor
-832,-49,-104,minecraft:sculk_sensor
-835,-49,-56,minecraft:sculk_shrieker
-840,-49,-52,minecraft:sculk_sensor
-837,-47,-55,minecraft:mob_spawner
-836,-49,-59,minecraft:sculk_sensor
-838,25,-71,minecraft:smoker
-840,25,-70,minecraft:campfire
-863,-51,-37,minecraft:sculk_sensor
-862,-49,-38,minecraft:sculk_sensor
-850,-51,-37,minecraft:sculk_catalyst
-862,-52,-33,minecraft:sculk_shrieker
-861,-51,-34,minecraft:sculk_catalyst
-862,-51,-34,minecraft:sculk_sensor
-861,-46,-133,minecraft:sculk_catalyst
-849,-47,-120,minecraft:sculk_sensor
-864,-54,-67,minecraft:sculk_sensor
-863,-53,-62,minecraft:sculk_sensor
-866,-55,-63,minecraft:sculk_catalyst
-868,-54,-61,minecraft:sculk_sensor
-867,-54,-64,minecraft:sculk_catalyst
-875,-53,-94,minecraft:sculk_catalyst
-866,-54,-66,minecraft:sculk_sensor
-325,-29,-391,minecraft:campfire
-324,-29,-389,minecraft:blast_furnace
-328,-53,-516,minecraft:sculk_sensor
-323,-53,-520,minecraft:sculk_shrieker
-324,-53,-523,minecraft:sculk_sensor
-325,-51,-519,minecraft:mob_spawner
-306,-47,-526,minecraft:campfire
-318,-24,-386,minecraft:campfire
-318,-24,-388,minecraft:smoker
-302,-51,-484,minecraft:campfire
-300,-51,-484,minecraft:smoker
-304,-47,-525,minecraft:blast_furnace
-484,70,-344,simpleradio:radiosmither
-485,70,-344,simpleradio:radio
-187,22,-437,minecraft:mob_spawner
-145,20,-448,minecraft:campfire
-163,69,-461,minecraft:campfire
-163,64,-461,minecraft:campfire
-163,64,-457,minecraft:furnace
-147,20,-449,minecraft:blast_furnace
-151,10,-467,minecraft:campfire
-485,71,-345,simpleradio:frequencer
-184,-12,-492,minecraft:sculk_sensor
-188,-12,-485,minecraft:sculk_sensor
-187,-10,-489,minecraft:mob_spawner
-189,-12,-488,minecraft:sculk_shrieker
-247,-19,-496,minecraft:mob_spawner
-252,-19,-496,minecraft:mob_spawner
-97,-24,-494,minecraft:campfire
-97,-24,-492,minecraft:blast_furnace
-281,-50,-502,minecraft:campfire
-281,-50,-500,minecraft:smoker
-264,-13,-509,minecraft:sculk_shrieker
-263,-11,-507,minecraft:mob_spawner
-260,-13,-504,minecraft:sculk_sensor
-267,-13,-508,minecraft:sculk_sensor
-250,-20,-512,minecraft:mob_spawner
-117,25,-501,minecraft:mob_spawner
-121,-40,-512,minecraft:campfire
-121,-40,-514,minecraft:furnace
-244,-21,-539,minecraft:mob_spawner
-327,-1,-555,minecraft:mob_spawner
-324,-3,-552,minecraft:sculk_sensor
-328,-3,-557,minecraft:sculk_shrieker
-331,-3,-556,minecraft:sculk_sensor
-552,-44,166,minecraft:campfire
-550,-44,165,minecraft:smoker
-557,-41,59,minecraft:campfire
-557,-41,61,minecraft:smoker
-556,-50,90,minecraft:blast_furnace
-558,-50,91,minecraft:campfire
-485,71,-347,simpleradio:radio
-158,72,14,simpleradio:radiosmither
-164,73,10,simpleradio:radio
-164,73,11,simpleradio:microphone
