x,y,z,visibility,load_status,entity_count
-19,5,-20,TRACKED,LOADED,2
-20,4,-9,TICKING,LOADED,1
-24,-2,-10,TRACKED,LOADED,1
-14,2,2,TICKING,LOADED,2
-15,0,3,TICKING,LOADED,1
-33,1,-20,TICKING,LOADED,2
-33,-2,-20,TICKING,LOADED,2
-26,4,-15,TICKING,LOADED,3
-32,0,-16,TICKING,LOADED,1
-32,4,-16,TICKING,LOADED,1
-20,3,-28,TRACKED,LOADED,1
-25,4,-30,TICKING,LOADED,5
-31,3,-26,TICKING,LOADED,2
-33,5,-30,TICKING,LOADED,2
-10,4,-3,TICKING,LOADED,1
-27,2,-19,TICKING,LOADED,1
-10,4,0,TICKING,LOADED,31
-27,4,-14,TICKING,LOADED,2
-34,0,-25,TICKING,LOADED,5
-7,1,2,TICKING,LOADED,1
-7,-2,2,TICKING,LOADED,2
-30,1,-16,TICKING,LOADED,1
-11,3,6,TICKING,LOADED,1
-29,4,-19,TICKING,LOADED,1
-29,-2,-19,TICKING,LOADED,2
-38,4,-23,TICKING,LOADED,1
-37,-2,-10,TRACKED,LOADED,1
-6,0,3,TICKING,LOADED,2
-6,-3,3,TICKING,LOADED,1
-26,0,-25,TICKING,LOADED,2
-22,-3,-22,TICKING,LOADED,1
-9,3,11,TRACKED,LOADED,1
-33,0,-17,TICKING,LOADED,1
-14,0,5,TICKING,LOADED,2
-20,5,-18,TRACKED,LOADED,6
-11,4,1,TICKING,LOADED,1
-17,4,-10,TICKING,LOADED,1
-10,2,3,TICKING,LOADED,1
-42,-2,-24,TRACKED,LOADED,1
-25,1,-12,TICKING,LOADED,1
-34,2,-28,TICKING,LOADED,2
-34,-1,-28,TICKING,LOADED,1
-23,4,-11,TRACKED,LOADED,1
-12,3,7,TICKING,LOADED,1
-29,-3,-22,TICKING,LOADED,1
-32,1,-21,TICKING,LOADED,1
-40,5,-27,TICKING,LOADED,1
-36,-2,-30,TICKING,LOADED,1
-30,0,-26,TICKING,LOADED,1
-7,0,-3,TICKING,LOADED,3
-5,0,3,TICKING,LOADED,5
-5,-1,3,TICKING,LOADED,2
-14,0,-4,TICKING,LOADED,1
-14,-1,-4,TICKING,LOADED,2
-35,0,-18,TICKING,LOADED,1
-29,4,-25,TICKING,LOADED,2
-6,1,10,TICKING,LOADED,1
-24,3,-23,TICKING,LOADED,1
-13,4,1,TICKING,LOADED,3
-28,5,-27,TICKING,LOADED,1
-28,-1,-27,TICKING,LOADED,2
-11,4,-4,TICKING,LOADED,2
-13,4,-7,TICKING,LOADED,1
-22,-2,-2,TRACKED,LOADED,1
-30,-1,-18,TICKING,LOADED,1
-18,2,4,TICKING,LOADED,2
-33,-1,-27,TICKING,LOADED,1
-29,-1,-26,TICKING,LOADED,2
-25,2,-27,TICKING,LOADED,2
-19,-4,-16,TRACKED,LOADED,1
-31,4,-19,TICKING,LOADED,2
-31,-2,-19,TICKING,LOADED,3
-31,4,-14,TICKING,LOADED,1
-13,-2,4,TICKING,LOADED,1
-9,-2,-2,TICKING,LOADED,1
-9,-1,-2,TICKING,LOADED,1
-28,4,-24,TICKING,LOADED,1
-6,0,0,TICKING,LOADED,1
-6,-1,0,TICKING,LOADED,1
-11,1,-7,TICKING,LOADED,2
-41,-2,-19,TICKING,LOADED,1
-26,1,-22,TICKING,LOADED,2
-5,1,-3,TICKING,LOADED,1
-8,1,6,TICKING,LOADED,3
-14,4,-5,TICKING,LOADED,1
-32,-1,-28,TICKING,LOADED,1
-33,-2,-18,TICKING,LOADED,1
-15,3,1,TICKING,LOADED,1
-15,-1,1,TICKING,LOADED,9
-7,4,-2,TICKING,LOADED,1
-23,-3,-24,TICKING,LOADED,1
-27,1,-21,TICKING,LOADED,2
-27,2,-21,TICKING,LOADED,2
-27,-2,-21,TICKING,LOADED,1
-12,1,5,TICKING,LOADED,1
-16,0,-4,TICKING,LOADED,2
-16,1,-4,TICKING,LOADED,1
-21,-2,-15,TICKING,LOADED,1
-15,1,-4,TICKING,LOADED,1
-17,4,7,TICKING,LOADED,4
-13,-1,-1,TICKING,LOADED,1
-36,1,-23,TICKING,LOADED,1
-14,6,-2,TICKING,LOADED,1
-37,-2,-26,TICKING,LOADED,1
1,0,-12,TRACKED,LOADED,3
-40,5,-20,TICKING,LOADED,1
-10,3,4,TICKING,LOADED,1
-6,0,1,TICKING,LOADED,1
-42,-2,-22,TRACKED,LOADED,1
-19,-1,-5,TICKING,LOADED,1
-35,4,-22,TICKING,LOADED,1
-9,-2,-1,TICKING,LOADED,7
-32,2,-19,TICKING,LOADED,3
-8,-1,-3,TICKING,LOADED,1
-12,1,2,TICKING,LOADED,2
-23,-1,-9,TRACKED,LOADED,1
-25,1,-33,TRACKED,LOADED,1
-11,3,3,TICKING,LOADED,3
-5,0,2,TICKING,LOADED,2
-5,-1,2,TICKING,LOADED,3
-40,0,-13,TICKING,LOADED,1
-17,4,4,TICKING,LOADED,1
-26,-1,-19,TICKING,LOADED,2
-20,1,-17,TRACKED,LOADED,1
-9,-3,4,TICKING,LOADED,1
-12,2,-5,TICKING,LOADED,1
-42,4,-25,TRACKED,LOADED,1
-37,4,-23,TICKING,LOADED,1
-7,0,4,TICKING,LOADED,4
-7,1,4,TICKING,LOADED,1
-7,-3,4,TICKING,LOADED,1
-14,1,3,TICKING,LOADED,3
-6,1,-2,TICKING,LOADED,3
-25,3,-25,TICKING,LOADED,2
-25,-1,-25,TICKING,LOADED,5
-9,1,6,TICKING,LOADED,2
-9,3,6,TICKING,LOADED,2
-35,0,-25,TICKING,LOADED,1
-35,4,-25,TICKING,LOADED,1
-35,-1,-25,TICKING,LOADED,2
-27,0,-27,TICKING,LOADED,1
-27,1,-27,TICKING,LOADED,1
-27,2,-27,TICKING,LOADED,2
-27,5,-27,TICKING,LOADED,1
-27,-1,-27,TICKING,LOADED,1
-8,4,0,TICKING,LOADED,1
-8,-2,0,TICKING,LOADED,1
-19,5,-18,TRACKED,LOADED,1
-28,4,-20,TICKING,LOADED,1
-28,-2,-20,TICKING,LOADED,1
-10,0,-1,TICKING,LOADED,1
-10,4,-1,TICKING,LOADED,1
-9,-3,1,TICKING,LOADED,1
-22,-3,-14,TICKING,LOADED,1
-11,4,0,TICKING,LOADED,10
-28,4,-25,TICKING,LOADED,2
-30,-1,-30,TICKING,LOADED,1
-21,-3,-21,TICKING,LOADED,1
-15,0,-2,TICKING,LOADED,1
-32,3,-25,TICKING,LOADED,1
-38,6,-31,TICKING,LOADED,3
-33,2,-23,TICKING,LOADED,2
-33,-3,-23,TICKING,LOADED,1
-31,0,-17,TICKING,LOADED,2
-42,-2,-20,TRACKED,LOADED,1
-8,3,3,TICKING,LOADED,2
-8,-3,3,TICKING,LOADED,1
-19,4,5,TICKING,LOADED,1
-12,3,-4,TICKING,LOADED,2
-29,0,-24,TICKING,LOADED,1
-24,4,-21,TICKING,LOADED,1
-33,4,-28,TICKING,LOADED,1
-16,-1,-1,TICKING,LOADED,2
-34,-1,-27,TICKING,LOADED,3
-12,1,1,TICKING,LOADED,1
-12,4,1,TICKING,LOADED,1
-24,3,-26,TICKING,LOADED,1
-30,-1,-27,TICKING,LOADED,1
-11,4,-3,TICKING,LOADED,1
-11,-2,-3,TICKING,LOADED,1
-14,3,7,TICKING,LOADED,1
-32,0,-27,TICKING,LOADED,1
-31,-3,-18,TICKING,LOADED,1
-19,4,4,TICKING,LOADED,1
-9,4,0,TICKING,LOADED,3
-6,0,4,TICKING,LOADED,5
-29,4,-11,TRACKED,LOADED,1
-35,-2,-19,TICKING,LOADED,2
-18,4,6,TICKING,LOADED,1
-11,4,2,TICKING,LOADED,1
-17,4,3,TICKING,LOADED,1
-23,5,-16,TICKING,LOADED,1
-33,-3,-25,TICKING,LOADED,1
-33,-1,-25,TICKING,LOADED,2
-43,-1,-21,TRACKED,LOADED,1
-29,-1,-27,TICKING,LOADED,2
-19,-4,-31,TRACKED,LOADED,1
-16,4,3,TICKING,LOADED,1
-35,0,-29,TICKING,LOADED,1
-28,4,-19,TICKING,LOADED,2
-28,-2,-19,TICKING,LOADED,1
-20,-1,-14,TRACKED,LOADED,1
-21,-4,-19,TICKING,LOADED,1
-34,0,-17,TICKING,LOADED,1
-34,-1,-17,TICKING,LOADED,1
-9,2,3,TICKING,LOADED,3
-9,3,3,TICKING,LOADED,1
-31,1,-15,TICKING,LOADED,3
-20,4,-13,TRACKED,LOADED,1
-6,0,-1,TICKING,LOADED,1
-27,-1,-18,TICKING,LOADED,3
-25,3,-26,TICKING,LOADED,1
-33,2,-22,TICKING,LOADED,1
-33,4,-22,TICKING,LOADED,1
-29,3,-30,TICKING,LOADED,4
-14,4,-6,TICKING,LOADED,2
-41,-1,-25,TICKING,LOADED,1
-26,5,-28,TICKING,LOADED,5
-26,-1,-21,TICKING,LOADED,1
-14,3,1,TICKING,LOADED,1
-14,4,1,TICKING,LOADED,1
-14,-1,1,TICKING,LOADED,2
-36,0,-26,TICKING,LOADED,2
-36,5,-26,TICKING,LOADED,1
-26,5,-26,TICKING,LOADED,1
-21,-3,-14,TICKING,LOADED,1
-10,3,1,TICKING,LOADED,2
-10,4,1,TICKING,LOADED,14
-10,-3,1,TICKING,LOADED,2
-27,4,-15,TICKING,LOADED,1
-29,2,-17,TICKING,LOADED,1
-25,4,-29,TICKING,LOADED,2
-31,3,-28,TICKING,LOADED,1
-31,-2,-28,TICKING,LOADED,1
-27,3,-25,TICKING,LOADED,1
-27,4,-25,TICKING,LOADED,1
-36,0,-21,TICKING,LOADED,1
-36,5,-21,TICKING,LOADED,1
-17,0,1,TICKING,LOADED,2
-17,-1,1,TICKING,LOADED,2
-7,0,-4,TICKING,LOADED,1
-34,-3,-24,TICKING,LOADED,1
-12,4,-2,TICKING,LOADED,2
-8,-3,2,TICKING,LOADED,1
-8,-2,2,TICKING,LOADED,1
-41,4,-15,TICKING,LOADED,1
-20,5,-20,TRACKED,LOADED,3
-27,5,-28,TICKING,LOADED,1
-35,-2,-11,TRACKED,LOADED,5
-2,-4,-10,TICKING,LOADED,1
-7,0,6,TICKING,LOADED,2
-7,-3,6,TICKING,LOADED,1
-39,3,-26,TICKING,LOADED,1
-39,4,-26,TICKING,LOADED,1
-13,4,-5,TICKING,LOADED,2
-24,5,-28,TICKING,LOADED,1
-35,1,-21,TICKING,LOADED,1
-10,3,5,TICKING,LOADED,2
-33,-3,-31,TICKING,LOADED,1
-27,2,-20,TICKING,LOADED,4
-27,-2,-20,TICKING,LOADED,1
-9,1,-7,TICKING,LOADED,2
-26,4,-11,TRACKED,LOADED,1
-26,-3,-11,TRACKED,LOADED,1
-11,3,7,TICKING,LOADED,1
-10,3,2,TICKING,LOADED,1
-10,-2,2,TICKING,LOADED,4
-16,4,11,TRACKED,LOADED,1
-13,4,12,TRACKED,LOADED,4
-33,0,-16,TICKING,LOADED,1
-33,4,-16,TICKING,LOADED,1
-35,0,-24,TICKING,LOADED,1
-14,3,0,TICKING,LOADED,4
-14,4,0,TICKING,LOADED,1
-14,-1,0,TICKING,LOADED,1
-8,-2,-1,TICKING,LOADED,2
-30,-2,-20,TICKING,LOADED,2
-21,3,-24,TICKING,LOADED,1
-6,0,-4,TICKING,LOADED,3
-20,5,-21,TRACKED,LOADED,1
-9,4,12,TRACKED,LOADED,1
-12,4,-3,TICKING,LOADED,1
-12,-2,-3,TICKING,LOADED,2
-26,5,-27,TICKING,LOADED,1
-34,0,-18,TICKING,LOADED,1
-32,3,-23,TICKING,LOADED,1
-24,3,-25,TICKING,LOADED,4
-9,2,2,TICKING,LOADED,2
-7,4,-10,TICKING,LOADED,1
-38,-4,-27,TICKING,LOADED,1
-11,0,-2,TICKING,LOADED,1
-11,-3,-2,TICKING,LOADED,1
-31,4,-22,TICKING,LOADED,3
-31,-3,-22,TICKING,LOADED,1
-28,1,-26,TICKING,LOADED,1
-28,4,-26,TICKING,LOADED,1
-28,-1,-26,TICKING,LOADED,2
-29,4,-23,TICKING,LOADED,1
-24,4,-30,TICKING,LOADED,1
-43,-2,-20,TRACKED,LOADED,1
-39,4,-24,TICKING,LOADED,2
-13,-2,3,TICKING,LOADED,1
-16,0,1,TICKING,LOADED,1
-16,-1,1,TICKING,LOADED,1
-37,2,-22,TICKING,LOADED,1
-32,2,-24,TICKING,LOADED,1
-32,-3,-24,TICKING,LOADED,1
-28,-1,-21,TICKING,LOADED,1
-26,3,-24,TICKING,LOADED,1
-26,4,-24,TICKING,LOADED,1
-15,3,0,TICKING,LOADED,1
-15,4,0,TICKING,LOADED,2
-33,1,-21,TICKING,LOADED,1
-4,1,3,TICKING,LOADED,1
-25,1,-24,TICKING,LOADED,1
-25,4,-24,TICKING,LOADED,2
-25,-1,-24,TICKING,LOADED,1
-21,-3,-23,TICKING,LOADED,1
-42,4,-26,TRACKED,LOADED,7
1,-1,7,TRACKED,LOADED,1
-31,3,-25,TICKING,LOADED,1
-19,5,-22,TRACKED,LOADED,1
-40,5,-28,TICKING,LOADED,1
-18,2,3,TICKING,LOADED,3
-18,4,3,TICKING,LOADED,2
-24,4,-27,TICKING,LOADED,1
-29,-2,-20,TICKING,LOADED,4
-17,0,2,TICKING,LOADED,1
-23,4,5,TRACKED,LOADED,1
-8,1,5,TICKING,LOADED,2
-30,-2,-19,TICKING,LOADED,2
-16,1,0,TICKING,LOADED,3
-16,-1,0,TICKING,LOADED,1
-21,-2,12,TRACKED,LOADED,1
-6,0,6,TICKING,LOADED,1
-24,4,-20,TICKING,LOADED,1
-29,4,-18,TICKING,LOADED,1
-29,-1,-18,TICKING,LOADED,1
-35,0,-26,TICKING,LOADED,2
-35,5,-26,TICKING,LOADED,1
-35,-2,-26,TICKING,LOADED,1
-35,-1,-26,TICKING,LOADED,2
-34,3,-29,TICKING,LOADED,2
-15,1,-5,TICKING,LOADED,1
-15,4,-5,TICKING,LOADED,1
-4,1,0,TICKING,LOADED,1
-33,-3,-24,TICKING,LOADED,1
-33,-1,-24,TICKING,LOADED,1
-22,-2,10,TRACKED,LOADED,1
-14,4,-11,TRACKED,LOADED,1
-42,-1,-33,TRACKED,LOADED,1
-33,-3,-19,TICKING,LOADED,1
-18,2,0,TICKING,LOADED,1
-31,-2,-16,TICKING,LOADED,1
-32,3,-14,TICKING,LOADED,1
-36,6,-34,TRACKED,LOADED,1
-36,-1,-34,TRACKED,LOADED,1
-30,-2,-22,TICKING,LOADED,1
-35,2,-23,TICKING,LOADED,1
-35,-3,-23,TICKING,LOADED,2
-34,0,-26,TICKING,LOADED,1
-34,-1,-26,TICKING,LOADED,1
-15,4,-10,TICKING,LOADED,1
-41,-2,-22,TICKING,LOADED,1
-39,4,-22,TICKING,LOADED,1
-32,6,-30,TICKING,LOADED,4
-26,-1,-18,TICKING,LOADED,1
-25,1,-22,TICKING,LOADED,1
-25,4,-22,TICKING,LOADED,1
-25,-3,-22,TICKING,LOADED,1
-25,-1,-22,TICKING,LOADED,2
-14,0,4,TICKING,LOADED,2
-32,2,-20,TICKING,LOADED,9
-8,-1,-2,TICKING,LOADED,1
-17,4,8,TICKING,LOADED,1
-9,3,5,TICKING,LOADED,1
-7,2,-1,TICKING,LOADED,1
-8,0,-5,TICKING,LOADED,1
-22,-3,-24,TICKING,LOADED,1
-29,0,-28,TICKING,LOADED,2
-13,0,0,TICKING,LOADED,1
-13,1,0,TICKING,LOADED,1
-13,2,0,TICKING,LOADED,1
-13,4,0,TICKING,LOADED,1
-35,0,-20,TICKING,LOADED,1
-26,4,-34,TRACKED,LOADED,1
-9,4,-3,TICKING,LOADED,1
-30,4,-25,TICKING,LOADED,1
