x,y,z,uuid,type,alive,display_name,custom_name
-80.5,-36.9375,59.5,593242c0-0491-4a20-936a-a20f30865771,lootr:lootr_minecart,true,Minecart with Chest,[null]
-106.51545983895585,65.45066306178094,-149.77500000596046,74674ad6-1de6-43e6-b8db-0566e496738e,alexsmobs:crow,true,Crow,[null]
-85.5,-8.0,4.5,d3a5ac8f-43c7-4467-8a96-3e54458680cc,artifacts:mimic,true,Mimic,[null]
-96.5,-35.9375,74.5,b9820ef7-145b-4b3f-a5f6-3e0f6a679adb,lootr:lootr_minecart,true,Minecart with Chest,[null]
-136.5,-42.9375,78.5,aa77dab0-4ff0-4425-adcd-b8b1efdc8d42,lootr:lootr_minecart,true,Minecart with Chest,[null]
-90.5625,1.0,102.4375,3f8c070a-004f-41fb-86a0-e71af374ff73,artifacts:mimic,true,Mimic,[null]
-111.5,-37.9375,103.5,15178029-cec8-4b9a-881a-8c7ef54b941d,lootr:lootr_minecart,true,Minecart with Chest,[null]
-120.22499999403954,69.55000001192093,11.098714115499181,b9bdec95-33f7-475e-a0f0-e5b630c40083,alexsmobs:seagull,true,Seagull,[null]
-214.16805873754936,96.4969207317034,-31.6729270605345,0b63f70c-1a8a-4e7e-8767-adfd5c18ac72,alexsmobs:seagull,true,Seagull,[null]
-180.22499999403954,66.67455142412064,-47.775000005960464,407ed6c9-a723-4f10-8b62-fcd2521fa062,alexsmobs:crow,true,Crow,[null]
-203.76433720428423,65.0,-68.43343083522036,423560a5-5316-4fad-a5ff-6c110dd89928,minecraft:cow,true,Cow,[null]
-229.7167182629648,65.0,-70.49523762790602,1069e364-51e9-4239-bf65-281532156780,minecraft:cow,true,Cow,[null]
-201.3350864466905,64.0,-72.4999903657723,6b3afe6f-5a71-4111-b8ca-0909d60ea7cb,minecraft:cow,true,Cow,[null]
-220.18534517457476,65.0,-74.88349279506545,ae0846a2-3304-4d14-9f74-d96f7bf5b126,minecraft:cow,true,Cow,[null]
-228.9886257199313,65.0,15.669237959203734,e9642fac-cbf9-4ef8-ac84-d3e72bdf65dd,alexsmobs:seal,true,Seal,[null]
-233.0011807431109,63.0,17.771634055624965,810ecd38-0ac5-478a-9437-3bba35bf85ee,alexsmobs:seal,true,Seal,[null]
-236.00138805596222,63.0,12.73454187545497,75039a6a-39fd-443a-8f58-6fe320cb0bdc,alexsmobs:seal,true,Seal,[null]
-231.5,2.0,-17.5,68af2f63-8259-4601-a89a-d07ae3a2cd51,artifacts:mimic,true,Mimic,[null]
-292.79147578329867,68.35444801401209,79.79999999701977,6375bfdf-dbc5-4de0-88c2-b85523bee129,minecraft:rabbit,true,Rabbit,[null]
-281.79894156235906,64.0,62.2561593543335,552ac6d6-308b-4547-95e7-7cd5c441fb75,minecraft:rabbit,true,Rabbit,[null]
-293.936608461053,69.0,81.10756463310915,5db81025-e863-49df-bfab-3c0a6cbd6835,minecraft:rabbit,true,Rabbit,[null]
-285.0,64.0,107.0,6a2840eb-72d6-49ee-84aa-cb621831dc77,minecraft:cow,true,Cow,[null]
-257.0,65.0,114.0,243fe630-070d-48c2-8db8-0e9bad2eac93,minecraft:chicken,true,Chicken,[null]
-262.0159207868381,64.0,113.79999999701977,beac1965-47d1-4ca1-a031-c22c1fdb26df,minecraft:chicken,true,Chicken,[null]
-267.13700786264775,66.0,131.40549386894847,cca995c4-d77a-4cf5-b5e3-d136ef8ae3a2,minecraft:chicken,true,Chicken,[null]
-205.09741257104963,64.0,196.89521196263155,9d3eca32-1582-4329-9660-ff2ffbf8260a,alexsmobs:grizzly_bear,true,Grizzly Bear,[null]
-202.04635492983093,64.0,202.53394052345783,ff47d4d9-63d5-427d-b9d9-d079b62a070a,alexsmobs:grizzly_bear,true,Grizzly Bear,[null]
-205.7033621247707,64.0,200.19999998807907,5ea9f7ce-336b-4129-b412-7cd7c1783c62,alexsmobs:grizzly_bear,true,Grizzly Bear,[null]
-90.5,20.0,167.5,782ea0b8-b256-4e03-a25f-85eacb9155ba,artifacts:mimic,true,Mimic,[null]
23.5,-9.0,114.5,b41e169e-fb8c-406b-8dc3-66b79ca6e4c5,artifacts:mimic,true,Mimic,[null]
-303.5,-1.0,-68.5,6e45d32c-4573-4e1b-83b9-d92df9317307,artifacts:mimic,true,Mimic,[null]
-28.5,-52.0,-152.5,3b7aeb79-b6cf-403c-9158-caf2347d7f79,artifacts:mimic,true,Mimic,[null]
-233.59999999403954,69.0,-153.00613117935532,713b8d62-a328-49a3-b288-8ebf27c56787,alexsmobs:sugar_glider,true,Sugar Glider,[null]
-321.5,-28.9375,197.5,a3006e27-453f-430e-bfed-80cbf99b2b76,lootr:lootr_minecart,true,Minecart with Chest,[null]
-270.22499999403954,79.44504856359825,-151.47445831298376,90b3d4f6-d750-4224-91f6-f7821ab209ff,alexsmobs:crow,true,Crow,[null]
-309.51906535359774,72.47249092865927,-138.77500000596046,4104bddf-8338-406e-ab12-2c1ccdfdcccd,alexsmobs:crow,true,Crow,[null]
-254.22499999403954,67.40390969643033,178.36089707477828,b3449151-7adc-48b4-8d0a-aa5f2baf1ec4,alexsmobs:crow,true,Crow,[null]
-349.5,-26.0,-17.5,01f9abad-8f5c-4a12-800b-aba7b89444c1,artifacts:mimic,true,Mimic,[null]
-337.5,-21.9375,168.5,7a84c40f-78c5-47c8-b16c-71d0904f07cb,lootr:lootr_minecart,true,Minecart with Chest,[null]
-317.5320737954963,79.0,-199.68733704886904,4ceb9c07-a200-452f-93bb-67eceb129d89,alexsmobs:crow,true,Crow,[null]
17.804606435164462,1.5,-182.125,49667311-1fa9-4b72-85c0-74478ceb48c9,minecraft:item,true,Moss Carpet,[null]
21.60465855413955,2.0,-186.05885489478297,e8675924-eaf0-4ee7-8495-5bc6abae4522,minecraft:item,true,Moss Carpet,[null]
23.796764223572275,2.0,-190.875,f9b85d61-7f28-4872-8529-8663efa3b0d7,minecraft:item,true,Moss Carpet,[null]
-485.009846381107,71.0,-348.2861993926312,06466493-6fc5-3c27-9ae5-a2bd0c2cf4c1,minecraft:player,true,Dark_inng,[null]
-485.57106552793203,71.4375,-346.19656521579753,b8351296-2373-3bfa-8b11-362f024e7d98,minecraft:player,true,Kl0udyy,[null]
-133.161037727544,63.0,178.8489929493097,db1ea1c0-1bf0-4dbb-a396-2eff15bd533d,doppelgangermod:disguisechicken,true,chicken,[null]
-485.152278681813,71.0,-350.88230760203993,d6e8b653-4970-368b-a991-209b84d72e26,minecraft:player,true,SoulO_Q,[null]
-197.22499999403954,65.55000001192093,207.22499999403954,6878c3ad-9a04-4597-8551-335c4d1ab206,alexsmobs:crow,true,Crow,[null]
-164.5,72.0,11.5,12224bcc-2ebe-378b-b713-8d610a40b8fe,minecraft:player,true,OscarJapi,[null]
-115.76260129217918,-45.0,37.803440644122226,4c15918a-98ee-42e2-9804-73badf42b0bd,doppelgangermod:disguisechicken,true,chicken,[null]
-627.5,0.0,-195.5,e6a2670e-a92f-4b37-988d-0e3f9d4d2994,artifacts:mimic,true,Mimic,[null]
-646.0777430934418,72.0,-225.75463120217944,50b6e111-fd49-4827-88b7-f2527b3acdb1,minecraft:sheep,true,Sheep,[null]
-549.3038117528007,78.0,-337.437290282542,bbb96dcb-17f3-4edf-b3e5-3a6ff57943a7,alexsmobs:raccoon,true,Raccoon,[null]
-588.8874790205675,79.0,-354.88927604163615,8d1dc924-6358-4dd2-99c6-c6a963cd9732,alexsmobs:raccoon,true,Raccoon,[null]
-603.4778519822436,79.0,-354.9166821689444,0d23cf29-0318-4edc-a7e2-0a3b2876d714,alexsmobs:skunk,true,Skunk,[null]
-613.006458536168,79.0,-350.98221185151715,07d2a723-f163-492f-b03b-4c1509ac605c,alexsmobs:skunk,true,Skunk,[null]
-648.5,-19.9375,-301.5,5de48795-f881-4a0d-876c-455b99367645,lootr:lootr_minecart,true,Minecart with Chest,[null]
-651.5,-28.0,-342.5,5caf2a3f-d3d8-40fb-a2b7-827ff0d01b0c,artifacts:mimic,true,Mimic,[null]
-659.5,-24.9375,-308.5,c3efc131-7b13-4d3f-b977-48c11cc280ec,lootr:lootr_minecart,true,Minecart with Chest,[null]
-667.5,-24.9375,-343.5,8d6b7afd-4760-4c81-9d27-0045cb39df6d,lootr:lootr_minecart,true,Minecart with Chest,[null]
-566.7750000059605,88.55000001192093,-323.77500000596046,44251a6f-d4c2-4384-a183-819411a824e4,alexsmobs:crow,true,Crow,[null]
-633.7487645607296,88.0,-307.22786683107216,b458ea7a-522a-4bcb-b2d7-de7cb5df48ab,alexsmobs:crow,true,Crow,[null]
-626.8837126001322,89.0,-436.5195861100221,c4592f28-6bfc-4f34-9cb0-00edbbf0a704,alexsmobs:crow,true,Crow,[null]
-568.6437222340325,81.0,-400.49316560841834,198d37f6-c935-40af-8a55-9602259cca18,alexsmobs:crow,true,Crow,[null]
-552.7750000059605,82.48448345172781,-403.5007595561202,63d8df19-d9fe-42ae-9e12-9ad9a68b1a17,alexsmobs:crow,true,Crow,[null]
-613.0,79.0,-369.60000002384186,45611a2e-c4be-40f2-be53-24558add47fa,alexsmobs:grizzly_bear,true,Grizzly Bear,[null]
-609.5031281641786,79.0,-372.78515043247927,b84025dc-036e-44e4-ba3c-b6bfc288e982,alexsmobs:grizzly_bear,true,Grizzly Bear,[null]
-679.5,-24.9375,-315.5,7ff0df68-3d24-4282-b139-395d3c07f844,lootr:lootr_minecart,true,Minecart with Chest,[null]
-683.5,-9.9375,-333.5,3f1dfd21-7a5f-46aa-b406-63ede8f7d7ab,lootr:lootr_minecart,true,Minecart with Chest,[null]
-641.5,-13.9375,-398.5,89f722fc-619e-415c-997e-7b229daf2396,lootr:lootr_minecart,true,Minecart with Chest,[null]
-667.6415084014634,70.0,-394.45119359550046,f466a6a8-6a6e-4f15-9b33-b2e97c2d33b8,minecraft:sheep,true,Sheep,[null]
-665.0,72.0,-405.0,ba38d538-179f-4a52-b294-9489c983c443,minecraft:sheep,true,Sheep,[null]
-664.0,74.0,-405.0,622a27ce-28ab-48ee-9b1b-8e5d61844cb5,minecraft:sheep,true,Sheep,[null]
-665.8454464244503,68.0,-407.44999998807907,41451808-0e43-4e03-a189-9a197b7ebad8,minecraft:sheep,true,Sheep,[null]
-665.4499999880791,67.0,-408.44999998807907,548b1d34-5e64-44ab-b77f-60021b97808b,minecraft:sheep,true,Sheep,[null]
-659.0,76.0,-408.0,9848141d-69bc-4772-b318-9d8bb60501f3,minecraft:sheep,true,Sheep,[null]
-658.0,66.0,-412.0,9bd817fb-f03c-44aa-843a-9172239ac280,minecraft:sheep,true,Sheep,[null]
-658.3641002893248,76.0,-403.44999998807907,691efc18-1c04-4491-9458-a4c64d4e5c25,minecraft:sheep,true,Sheep,[null]
-612.1846740009603,63.0,-408.87720746215024,154460a0-fae6-44bd-88ac-79d151b2292e,alexsmobs:grizzly_bear,true,Grizzly Bear,[null]
-611.0,67.0,-403.0,44fbf793-120a-43d5-9342-e27fb594368e,alexsmobs:grizzly_bear,true,Grizzly Bear,[null]
-624.9606804803512,80.0,-419.99805212018026,8b6adfc2-9052-4195-a774-62abebfe9b78,alexsmobs:tasmanian_devil,true,Tasmanian Devil,[null]
-582.5,-26.9375,-404.5,1f021955-aa10-4333-bb12-750e20f03667,lootr:lootr_minecart,true,Minecart with Chest,[null]
-605.5,-50.0,-427.5,707085d9-d2d4-4d5e-a67d-7b648fcb2bfe,artifacts:mimic,true,Mimic,[null]
-572.5,-27.0,-469.5,cdb7d73a-5c90-4f00-9fe0-9fe3f9495f99,artifacts:mimic,true,Mimic,[null]
-601.0,103.0,-481.0,8af76f54-2838-4047-bc52-332bfc24bac8,alexsmobs:raccoon,true,Raccoon,[null]
-598.0,103.0,-485.0,88a05425-304e-45ad-89e3-6754d55b75f0,alexsmobs:raccoon,true,Raccoon,[null]
-596.0,103.0,-487.0,4372382d-d118-4547-966b-c1a194437a34,alexsmobs:raccoon,true,Raccoon,[null]
-156.44999998807907,64.0,27.549768036416467,e1cf0951-a0e9-441c-aba4-6a0bab8221e3,minecraft:trader_llama,true,Trader Llama,[null]
-157.57251498454514,63.0,27.44999998807907,6b85f22b-5139-4f5b-a4f5-157269b9a811,minecraft:trader_llama,true,Trader Llama,[null]
-155.52886048890718,60.0,33.62289106891613,6b554725-46e1-4ee7-a4e1-db2eb6f7f50c,doppelgangermod:dpwandering,true,Doppelganger Wandering,[null]
-668.1922288647625,-22.0,-376.7984079206716,ada08900-1a20-4d5e-bbc1-77653b6e43e6,minecraft:item,true,Rail,[null]
-557.5,-26.0,-292.5,74ba635c-8740-45a8-98ef-6c40f1bd8af6,artifacts:mimic,true,Mimic,[null]
-544.5,8.0,-460.5,86199a29-4d59-4234-9d1c-47ce0ac434d4,artifacts:mimic,true,Mimic,[null]
-548.4510020729149,-20.0,-173.14638862605037,62195464-b392-4293-b47c-a18c142aa915,minecraft:item,true,Flowering Azalea,[null]
-550.5820487664716,-20.0,-170.5339070869207,ce8da3fa-68d1-4ecf-9a33-af77ec9a1fca,minecraft:item,true,Wheat Seeds,[null]
-546.0281701448333,-21.0,-166.5543345808755,038e2703-c5f8-4293-b6e7-e2030eed04f2,minecraft:item,true,Moss Carpet,[null]
-548.4088487168376,-20.0,-172.82830506574624,45de6c70-7851-4b54-8cea-b24d466b0321,minecraft:item,true,Moss Carpet,[null]
-545.4407572599891,-21.0,-166.47112309991422,1121d224-4e16-4f3c-903f-6eb2ff7d7b52,minecraft:item,true,Wheat Seeds,[null]
-527.5,-40.0,-495.5,9d9adbd9-8e69-471a-b457-97468a22d90c,artifacts:mimic,true,Mimic,[null]
-508.4999994143559,63.35904237917052,-209.59999999403954,b8c78e74-2af3-403f-9a94-bc9b03269e94,alexsmobs:sugar_glider,true,Sugar Glider,[null]
-516.5,-39.9375,-382.5,97381ea8-98eb-4b51-897c-5d697b02e79e,lootr:lootr_minecart,true,Minecart with Chest,[null]
-519.3191892335724,64.0,-251.43275078736423,f126cf58-60b3-4d52-b50f-75a16f85dadd,alexsmobs:skunk,true,Skunk,[null]
-133.32898347581448,-17.0,-22.191130639729202,3f05440d-7f24-4c9e-9648-ecb877efa67d,doppelgangermod:disguisechicken,true,chicken,[null]
-409.4356674280047,71.0,-163.0281306834351,38996b6d-0065-48a5-9028-5d7aa97100a4,minecraft:chicken,true,Chicken,[null]
-415.5,-47.0,-172.5,4de7ca22-ca74-45b4-85aa-72a6e128b84b,artifacts:mimic,true,Mimic,[null]
-497.5,-41.9375,-381.5,2fdc9a0e-36ca-41f3-9f34-5c41f7b28fcc,lootr:lootr_minecart,true,Minecart with Chest,[null]
-456.1327598534637,77.1329537367671,-175.95439833068656,a9d2e385-6a45-4693-a168-09e892240c53,alexsmobs:blue_jay,true,Blue Jay,[null]
-503.3606789186488,71.0,-251.43926013474575,29974f1a-98ef-47fb-b277-b08bcd27e0f5,alexsmobs:skunk,true,Skunk,[null]
-511.59999999403954,105.0,-478.0,98bc8cce-c6be-44a2-a8f0-433edd925d8b,minecraft:chicken,true,Chicken,[null]
-509.36194880408937,103.0,-473.3159498226574,3cb6f51f-1d58-47c5-8f26-acd177fc1ae2,minecraft:chicken,true,Chicken,[null]
-490.5,-41.9375,-349.5,f64d1fe5-7ed9-4b68-8698-deb72366bf14,lootr:lootr_minecart,true,Minecart with Chest,[null]
-495.5,-30.0,-244.5,2423e126-84c7-48d2-b9d7-3660ee87c6c6,artifacts:mimic,true,Mimic,[null]
-484.50000063181443,69.33273365399468,-209.59999999403954,a7179d84-d72e-479d-9cfa-4eebd37ca700,alexsmobs:sugar_glider,true,Sugar Glider,[null]
-588.346127268788,-17.0,-155.42321371055993,bef91666-337f-4b29-a5e0-f014561a2bcd,minecraft:item,true,Moss Carpet,[null]
-469.5,-12.0,-465.5,2f127430-757f-4240-a587-24fd4ad06da0,artifacts:mimic,true,Mimic,[null]
-451.5,-17.9375,-297.5,fb8440fc-7ce8-4805-812c-26536b4da99e,lootr:lootr_minecart,true,Minecart with Chest,[null]
-444.351304732233,73.0,-386.4022236711517,deedc4db-e062-45bf-b4b9-249dff51b23f,minecraft:pig,true,Pig,[null]
-458.2044145350963,74.0,-391.94621662364176,7e6f134d-004f-4cc1-ab2b-01c31a23578d,minecraft:pig,true,Pig,[null]
-453.34944015820645,75.0,-399.44999998807907,e5e2fd88-b6a7-4b28-bc62-4368cc67ed2c,minecraft:pig,true,Pig,[null]
-420.22499999403954,85.55000001192093,-436.45670597318326,46a72453-7409-4761-9f71-7bb4c54e411b,alexsmobs:crow,true,Crow,[null]
-453.88898813225296,-10.0,-277.704552406487,121545f9-9649-4987-9072-fcf26a7a1288,artifacts:mimic,true,Mimic,[null]
-445.4259199119743,73.0,-314.4637358264736,e5342821-8301-40f6-aed8-759253dfc0a9,alexsmobs:skunk,true,Skunk,[null]
-445.6154850787902,73.0,-387.0735812700634,f1f0f1cf-99da-442c-898f-4d819e42aae2,minecraft:pig,true,Pig,[null]
-416.31202688705184,75.0,-214.46683129935354,777abc36-af6c-4adc-81fb-7147114e4d49,alexsmobs:raccoon,true,Raccoon,[null]
-419.384234181532,73.0,-223.40518479355734,5dee8a30-66bc-4c43-8db5-d52626849710,alexsmobs:raccoon,true,Raccoon,[null]
-420.2553488394325,72.0,-235.53110240221184,eee366bb-b892-4844-8e33-6dde231da3b3,alexsmobs:raccoon,true,Raccoon,[null]
-417.5878098621173,80.0,-429.03258806253024,8cdcb013-8eba-458a-8678-5563d065307f,minecraft:wolf,true,Wolf,[null]
-434.1962606553314,84.0,-428.8126697322887,fc3caa29-3344-41a2-8f8d-b19f2abd563e,alexsmobs:crow,true,Crow,[null]
-401.5,-8.0,-286.5,a6696fb0-ec80-425a-bf24-3c0f6dc73866,artifacts:mimic,true,Mimic,[null]
-411.61698906915217,76.0,-225.81520266137022,b1f04c01-5d06-4907-b646-c1a815f29ecd,alexsmobs:raccoon,true,Raccoon,[null]
-401.4114111533181,79.0,-235.94161038861313,6ebe5e98-bb88-448f-800a-9a2a91a20a1f,alexsmobs:raccoon,true,Raccoon,[null]
-408.48686418827606,88.0,-445.59988222484844,35fa4968-6066-4057-86b8-e91650ae3f30,minecraft:wolf,true,Wolf,[null]
-401.35122446369826,87.0,-447.9884908321433,63123dce-e4b3-434d-9387-ddef536ba867,minecraft:chicken,true,Chicken,[null]
-413.3876977646276,74.0,-237.3914955109179,49d119f7-1e60-4b92-88a2-750287aafe4d,alexsmobs:raccoon,true,Raccoon,[null]
-402.43598573111836,80.0,-417.43600321870395,6fff8684-50fc-40de-a519-bfe55650a36a,minecraft:wolf,true,Wolf,[null]
-403.43536773775463,86.0,-435.6006446113466,f22991ac-5cc1-471f-9221-4381ab5c91e7,minecraft:wolf,true,Wolf,[null]
-657.5,-8.9375,-513.5,aa7b30b7-6c23-432c-b180-4af4ba6f9186,lootr:lootr_minecart,true,Minecart with Chest,[null]
-396.5,24.0,-187.5,aa05260c-411a-4474-8b83-f302dd2b64b3,artifacts:mimic,true,Mimic,[null]
-385.75,79.39999997615814,-341.25,784b4cd2-5abd-40c5-83b5-9a02f5fe2a9c,alexsmobs:blue_jay,true,Blue Jay,[null]
-398.5,-40.0,-348.5,538b2bec-c5f9-4807-b855-50451c9a0f26,artifacts:mimic,true,Mimic,[null]
-396.4375,-3.0,-344.5,e86c0a16-2b87-46a5-a786-b846c6c2c6f5,artifacts:mimic,true,Mimic,[null]
-415.25,93.39999997615814,-445.75,943f5946-8186-415f-b777-d9136a431930,alexsmobs:blue_jay,true,Blue Jay,[null]
-404.92805613929187,69.01718262186151,-528.0041305877623,8bb934f7-5194-4d89-b2ca-ffdc531c0910,alexsmobs:crow,true,Crow,[null]
-384.44999998807907,78.0,-458.43916355585554,278d7228-0a8f-4d61-bc35-de6c3e0fdceb,minecraft:cow,true,Cow,[null]
-387.4706535918759,78.0,-460.44999998807907,dd5b6eab-c704-496c-8781-8c463dc05350,minecraft:cow,true,Cow,[null]
-388.9112455886065,72.0,-465.798853466537,35bd1131-56c4-428a-acfa-c8d8b152ad87,minecraft:cow,true,Cow,[null]
-386.4042157615809,67.0,-472.7626576162609,5068b04c-6d12-47be-bda8-f09f5307f7d8,minecraft:cow,true,Cow,[null]
-384.61548790119,71.0,-468.0423537524483,7f0cc1e5-a6e4-44b3-b7e5-dce476490faa,minecraft:wolf,true,Wolf,[null]
-383.6497633501815,71.0,-465.3442014874191,5fdefb20-3388-4d76-97d7-082b9371308e,minecraft:wolf,true,Wolf,[null]
-384.38966862148595,71.0,-466.6511467179868,cd903a03-39e9-4c03-9625-66e689de1406,minecraft:wolf,true,Wolf,[null]
-386.43050793214366,70.0,-468.62817816528457,07bec863-d552-4ae0-9752-98a2187750e3,minecraft:wolf,true,Wolf,[null]
-379.4801258963222,82.39999997615814,-445.52388050398656,91999a9c-5bbd-439e-a5aa-5a2008729157,alexsmobs:blue_jay,true,Blue Jay,[null]
-371.4826228112512,78.39999997615814,-332.4951317591309,68d3eda9-5ce6-40af-9402-5fcec32d008f,alexsmobs:blue_jay,true,Blue Jay,[null]
-366.7997811600569,81.0,-252.3062124657374,d6b649bc-75ac-413d-8146-d9d6ea80f674,alexsmobs:blue_jay,true,Blue Jay,[null]
-383.5,-31.9375,-153.5,517600bb-e301-417f-9f2b-053f3ce1026e,lootr:lootr_minecart,true,Minecart with Chest,[null]
-353.5,-43.0,-383.5,c676a785-3406-4b7c-b6c3-6802254fe1d1,artifacts:mimic,true,Mimic,[null]
-319.95044868831906,86.5527349442197,-320.1042871989321,43c3b666-9600-47c2-af96-66ed4e55d0c4,alexsmobs:blue_jay,true,Blue Jay,[null]
-387.50671247662615,16.497891886359,-512.875,cd2f9da4-05a0-433c-ac73-7b47490716f5,minecraft:item,true,Redstone Torch,[null]
-349.5,-47.9375,-382.5,f29403ac-f321-42d1-baab-89bb16aa0a95,lootr:lootr_minecart,true,Minecart with Chest,[null]
-343.5,-41.0,-345.5,39574559-3d0d-407f-9ec8-107f80a2f1dc,artifacts:mimic,true,Mimic,[null]
-343.5,-34.9375,-222.5,a7feb717-27bc-4d40-9def-6c4504129957,lootr:lootr_minecart,true,Minecart with Chest,[null]
-333.5,-34.9375,-222.5,40135e87-4f81-4c26-9472-0f8e1fe43186,lootr:lootr_minecart,true,Minecart with Chest,[null]
-325.5,-30.9375,-227.5,0fd6b80f-593d-4ca6-869a-0e8f5d437323,lootr:lootr_minecart,true,Minecart with Chest,[null]
-307.94334364125115,87.0,-306.4420613504265,ff8f62b5-7180-4221-9bb2-272cfbe667f8,alexsmobs:blue_jay,true,Blue Jay,[null]
-328.5,-46.9375,-335.5,948ea827-a254-468b-afb6-d926b710d07f,lootr:lootr_minecart,true,Minecart with Chest,[null]
-319.9082938109641,85.61839458403253,-304.6289482364074,35dfb6b0-3a27-4ac7-b822-66321928fbeb,alexsmobs:blue_jay,true,Blue Jay,[null]
-330.5942273271967,55.0,-383.6019829513278,e3bfdc5a-47e5-4d5b-adc6-22040ea43ad8,doppelgangermod:disguisechicken,true,chicken,[null]
-324.5,-45.9375,-360.5,6a9e6d74-79ee-44e8-9e31-3296bf8ef3cf,lootr:lootr_minecart,true,Minecart with Chest,[null]
-326.5,-61.9375,-288.5,d41bbda1-632a-4b19-b990-307e0675adab,lootr:lootr_minecart,true,Minecart with Chest,[null]
-319.4880926932988,-14.23363200604248,-222.49368910322826,8d2c83a1-9340-461e-86ca-faff5a2ccae6,doppelgangermod:disguisechicken,true,chicken,[null]
-305.63225905005277,82.0,-309.3778752289568,dacdb58d-39a2-429a-9e4f-2f72b239a906,doppelgangermod:disguise_iron_golem,true,Iron golem,[null]
-297.3442408751418,81.5625,-281.4993658061272,991ad236-85c5-4ce2-8fc7-77e1df107da7,minecraft:villager,true,Vagabond,Vagabond
-309.4375,30.0,-259.95674706181006,d6f05723-febb-4d1d-84ed-4c1ab92154e7,artifacts:mimic,true,Mimic,[null]
-314.9522554757111,80.0,-273.5086690009946,05e606ff-2d53-4212-b836-73207a432cb6,alexsmobs:blue_jay,true,Blue Jay,[null]
-313.5001638593191,80.0,-274.529488323331,02aeb540-e454-457d-b305-0a3bf52e6482,alexsmobs:blue_jay,true,Blue Jay,[null]
-299.3905212184599,80.0,-338.7304729358542,63e8172b-1331-4beb-928a-174b6855dc7e,alexsmobs:blue_jay,true,Blue Jay,[null]
-314.8394510095153,63.0,-435.70660338099594,4a47b49c-3067-4576-b71a-f169e136ccc9,minecraft:sheep,true,Sheep,[null]
-574.0,111.0,-534.0,e59a2e30-2085-4399-98b7-7ec59c400edb,alexsmobs:skunk,true,Skunk,[null]
-573.5,-10.9375,-528.5,4a6d9142-a813-4dfa-96b4-ac177157c4cd,lootr:lootr_minecart,true,Minecart with Chest,[null]
-299.5,-51.0,-482.5,d2fb3c3b-50fc-4954-b0fc-e9211299d79e,artifacts:mimic,true,Mimic,[null]
-302.89186497910976,82.0,-311.10812501076987,7516ae1b-780a-422b-8933-7d70018f55be,doppelgangermod:disguise_iron_golem,true,Iron golem,[null]
-291.4887022098677,82.0,-304.88010722856416,a0060712-e7d7-4e65-bcd7-6fd82d6ba935,doppelgangermod:disguise_iron_golem,true,Iron golem,[null]
-306.9343840011696,81.0,-274.4477729779263,53db8e62-85a5-41c3-8437-b10392bdad0a,doppelgangermod:disguise_iron_golem,true,Iron golem,[null]
-296.5,-51.0,-248.5,335f2140-3ed9-4d9d-b130-b7ba435aaed7,artifacts:mimic,true,Mimic,[null]
-128.62416280065406,-15.0,-21.394717146233127,fd2d4cfc-72ad-4b21-8400-6af3135d6310,doppelgangermod:disguisechicken,true,chicken,[null]
-215.36363975386783,70.0,25.43398277566015,e0349f52-c98c-45c0-ae2b-b4819a51e472,minecraft:enderman,true,Enderman,[null]
-354.44999998807907,78.0,-173.30221895854694,7a8c1177-753d-4547-8906-f80de17d988b,doppelgangermod:disguise_cow,true,Cow,[null]
-162.52867405990102,69.0,1.172252623944889,ade928ab-9f1a-483f-bf7f-0b235113b982,doppelgangermod:dp_creeper,true,Doppelganger Creeper,[null]
-164.5,72.0,13.5,bc5a894c-1b12-380a-9830-e8d07c103dcb,minecraft:player,true,poopy8,[null]
-149.9202750715649,70.0,25.819951504791202,e020f386-ddf6-4dcc-b39b-5f4ea227ce32,minecraft:enderman,true,Enderman,[null]
-165.69307048832607,73.01636799395752,9.583614302543971,1567f6a1-8406-3181-bf29-77992b07c623,minecraft:player,true,TheMasterRoshiii,[null]
-231.94503623862167,68.01741659939862,10.38444611292005,57142558-ada2-4ba3-bd04-810432a54546,alexsmobs:crow,true,Crow,[null]
-159.573866760702,72.26526039838791,8.761968493729102,d521c454-8c92-4f24-ad41-059af1f5924e,minecraft:marker,true,Marker,[null]
-362.5,-14.0,-141.5,027c764c-49f9-4af2-b673-b05bc5b2b78f,artifacts:mimic,true,Mimic,[null]
-167.78910397657268,72.02302576601505,5.9098634618951165,86fdeef7-fa9d-4a6b-813d-4249cf98d8b2,minecraft:marker,true,Marker,[null]
-162.7539145617445,73.0,11.597975112547575,b619c99c-9881-3f38-9b2a-55aec5ab778e,minecraft:player,true,dzbas176,[null]
-170.01397995914738,73.1337274312973,14.074449006799885,bd70e350-3cce-4e67-bf70-7cd00604f9f2,minecraft:marker,true,Marker,[null]
-167.50772393910776,73.41580066084862,20.338942051157513,545c6091-27a0-4967-8843-6323a750fcea,minecraft:marker,true,Marker,[null]
-149.86085774771496,72.27965080738068,11.71142330813814,51be1c26-2913-4808-b63e-2c42c7f3d963,minecraft:marker,true,Marker,[null]
-150.8489380310292,72.65026152133942,11.65981196360996,30d96704-57b7-42c0-b2ad-9f1281ab1675,minecraft:marker,true,Marker,[null]
-152.33994917157636,72.50116720795631,9.91347294878259,3a7ec1ca-0241-454b-878c-8ffc5b2d2124,minecraft:marker,true,Marker,[null]
-152.33560819138216,72.8191402554512,9.77046714559181,2da4879b-6939-43d7-a1e6-4aca08e94587,minecraft:marker,true,Marker,[null]
-150.7499854173609,70.93363589048386,8.948873203650558,0ab809f7-f998-4026-a805-c3dc28db2519,minecraft:marker,true,Marker,[null]
-148.92960432972433,70.84304103255272,10.454909678258696,4acc4523-0609-4631-9ed9-9069348cdc6f,minecraft:marker,true,Marker,[null]
-147.79114673754546,71.1862612337089,10.836862552771835,9ac37f36-e115-4865-b2cf-76fbfc08aa69,minecraft:marker,true,Marker,[null]
-147.4610011016807,71.70781921835889,10.929208760385103,bc610a10-ad7f-4e04-a0dd-f6aa6c668132,minecraft:marker,true,Marker,[null]
-147.18266060811408,71.63129645811058,11.014271399341153,7e22113b-ceeb-4949-b4bd-70aeead1d37e,minecraft:marker,true,Marker,[null]
-146.76038007716585,71.83119071960449,12.110928935179393,8d7b4f77-705e-43a4-8613-4a27f0639d7c,minecraft:marker,true,Marker,[null]
-157.99886752157968,72.24745896458626,22.631670236591713,622b83c7-59f6-43dc-a107-614a6051af91,minecraft:marker,true,Marker,[null]
-146.90834938847158,71.00698482990265,13.192302720553913,ff44c9ad-9281-43db-aad4-3b0540a1922f,minecraft:marker,true,Marker,[null]
-146.97015992993553,71.48586097359657,14.026103905630986,f026dba9-d48c-439c-97aa-13dde282de6f,minecraft:marker,true,Marker,[null]
-146.94033941206067,71.68138048113202,14.88233291098293,a263dcd4-016c-4a97-ab98-825b5c26d555,minecraft:marker,true,Marker,[null]
-146.9413463335791,71.54287412431887,15.72910737284265,d726d29a-58ed-41ea-b2d6-d77f8decf46e,minecraft:marker,true,Marker,[null]
-147.55362923443317,71.89042001962662,16.659157707491907,aa2ea753-9a20-449a-a3d8-44d2e564658b,minecraft:marker,true,Marker,[null]
-148.93379095669425,72.79999345541,17.561359730923073,ad22505e-d86b-4698-9f29-9cd7bb8d6759,minecraft:marker,true,Marker,[null]
-149.71609451848846,72.81451392173767,17.560168732992327,28c413c5-c9af-4e19-8e74-8187939ea7fd,minecraft:marker,true,Marker,[null]
-150.76840495323088,72.4600282907486,17.97505464156092,113cc0ca-5884-40e1-8c94-e26c91227c91,minecraft:marker,true,Marker,[null]
-151.44036819414413,72.89331144094467,17.83948403446452,911d9712-ebf4-49c9-b708-2463d24958f5,minecraft:marker,true,Marker,[null]
-152.42353077899065,72.95185798406601,17.366269296208166,f6a098df-efaf-43a5-a7bc-f95070a809d0,minecraft:marker,true,Marker,[null]
-148.7690072973926,71.4877257347107,22.76052486647019,8eb2e7a7-18de-4167-a9d7-0c93e50770e5,minecraft:marker,true,Marker,[null]
-156.2199881797539,72.61490127444267,16.17942912618368,dbe6fd94-1bf6-4858-b1fe-e3fab0cd84eb,minecraft:marker,true,Marker,[null]
-156.4997618380852,72.94865417480469,15.395388949406964,2e2ff7c7-245b-4682-bd16-301a888d24ff,minecraft:marker,true,Marker,[null]
-156.60624605250703,72.96219331026077,14.271342480511027,429a06f5-5cc3-4718-834d-ae2eb14f5bb0,minecraft:marker,true,Marker,[null]
-156.3551280148885,72.96024584770203,13.749428241518034,69201558-bc3b-4192-ad30-778a5060acd8,minecraft:marker,true,Marker,[null]
-153.81375777518795,72.2370355129242,12.647415858266932,081f146c-bf17-4742-8d07-efe5597109ba,minecraft:marker,true,Marker,[null]
-155.1588118801307,72.75619053291962,8.925116811832005,9442872e-9287-4f52-851d-f9d80784fab0,minecraft:marker,true,Marker,[null]
-155.05784946801052,72.90322271228553,8.88443627934719,5cd222d0-e800-434f-9339-2e0ae7de3a35,minecraft:marker,true,Marker,[null]
-157.94604326780933,72.6010195016861,4.598493985528105,63b127d5-32fa-42ee-b1f0-71101d280cd2,minecraft:marker,true,Marker,[null]
-157.68840101433204,72.74445304274559,4.8220529641971,af80ab7d-f408-4da3-8d16-57603eeed046,minecraft:marker,true,Marker,[null]
-157.03166098435761,72.95442992448807,4.866774200477479,d9bd212f-0cd5-47eb-9ced-0f9482279fd9,minecraft:marker,true,Marker,[null]
-145.75743278969364,71.4333366445948,6.454514735708953,62444925-b197-4a7a-b649-f79e0516e955,minecraft:marker,true,Marker,[null]
-146.06086566489915,71.68549431962265,6.72072486613813,4cdde810-9cc6-4008-99d4-37b3fe5d17c2,minecraft:marker,true,Marker,[null]
-146.04162646221155,71.80443731474175,6.817157210471897,5b81ec08-2e4c-4ed8-8d9f-206211e26f6f,minecraft:marker,true,Marker,[null]
-145.31845905295552,71.76801311188073,6.720163457855135,d8ee4e54-b7f3-47db-b694-8904e294dc94,minecraft:marker,true,Marker,[null]
-144.80626719621145,71.76385631707434,6.517149387069932,fcad2918-0771-4e4c-be09-f186726d0de5,minecraft:marker,true,Marker,[null]
-142.70303683315603,70.55356582668782,4.75516083596308,e435bd5c-74a6-4175-b519-686d2c932845,minecraft:marker,true,Marker,[null]
-142.0807445959584,70.9422527220583,4.755174464962975,b26cc02c-5cd9-4401-b23a-2173c74d68f5,minecraft:marker,true,Marker,[null]
-139.47632146300828,70.7165512409544,6.4734934029129585,813c3c52-5134-4fb4-b113-039bfcda4346,minecraft:marker,true,Marker,[null]
-157.55071142071128,60.76636799395752,31.440525264469255,17485c38-6749-4f72-aa7b-460567be092b,graveyard:skeleton_creeper,true,Skeleton Creeper,[null]
-363.5594974277159,75.0,83.4321672200017,6062c45c-0161-4441-ad78-22d92b53696c,minecraft:enderman,true,Enderman,[null]
-134.49511625912558,68.32956117396724,203.06607720514842,d07b7a34-9c21-4acd-8df7-b23d07fda22e,alexsmobs:crow,true,Crow,[null]
-262.94656880653963,64.0,113.875,f713ef03-3cfb-41d2-bdc5-271a91c68545,minecraft:item,true,Egg,[null]
-151.1941045900186,72.0,12.666796876992532,13733549-3130-48fb-a18f-aa40514f37fa,alexsmobs:fly,true,Fly,[null]
-164.5,72.35,13.5,cee7b6d6-3641-422c-92d5-b472a4492e3c,valhelsia_furniture:seat,true,entity.valhelsia_furniture.seat,[null]
-472.4985689831214,73.0,-396.68434072897355,17593d7f-b299-411b-872c-1c7f5f9f44fa,minecraft:enderman,true,Enderman,[null]
-154.25067791816366,72.0,14.340159279821929,0ef44dae-2ccf-44dc-aa12-38af1b572ca0,minecraft:item,true,Rotten Flesh,[null]
-492.5007993164162,55.0,-387.49413702811717,a7c4582d-b50a-4ec5-88be-f73754891cd3,alexsmobs:lobster,true,Lobster,[null]
-165.5577465859264,71.63968038203416,32.15001190487987,51d61696-55f9-423c-aba2-4e4935ed0aef,alexsmobs:fly,true,Fly,[null]
-179.34609822196978,68.0,30.125,fa758f84-7316-4db7-9bd7-9d8c625a969d,minecraft:item,true,Gunpowder,[null]
-118.39470899558613,-37.0,57.61726395594598,0da4bb51-9949-43b9-ac46-6831eda2b2a5,minecraft:item,true,Gunpowder,[null]
-67.52753048500078,-4.9375,34.28458257779628,fa2446e8-e25e-4c88-bc1e-43a23322ca8f,minecraft:item,true,Gunpowder,[null]
-390.59661462176155,41.0,-424.84227101948176,2a9fcea8-90ea-41b9-b8f0-0edbef4d5fe1,minecraft:item,true,Gunpowder,[null]
-468.64689270121676,-32.0,-315.9670650469431,daa1655a-a3c7-4601-b8de-ec04a108b3ad,minecraft:item,true,Gunpowder,[null]
-77.58940031264119,17.0,-37.16892221499447,79215215-e32b-4c63-9dbe-a7a13324abf0,minecraft:item,true,Gunpowder,[null]
-539.3572692020401,9.0,-397.125,046650aa-e84b-426c-821d-2ffec053481a,minecraft:item,true,Gunpowder,[null]
-531.659174300437,-45.0,-370.0198976652571,05d8f710-9d9a-422b-8f41-f49120a9dce6,minecraft:item,true,Gunpowder,[null]
-518.7023754587702,-45.0,-367.26457244373955,1f5dac5b-3a98-4c36-aca9-ca6e944e88a7,minecraft:item,true,Gunpowder,[null]
-276.116282138299,64.0,60.498842783001244,8f4eed84-4228-45cd-999c-515bbb56810f,minecraft:item,true,Gunpowder,[null]
-268.45431787005134,64.0,56.74110524389619,630aa957-c1c1-4f29-a430-79b95fe42cda,minecraft:item,true,Gunpowder,[null]
-412.8523360634691,80.0,-412.76166701956953,b2aca5b1-279f-4720-bb97-d7b664d20251,minecraft:item,true,Gunpowder,[null]
-107.09675220028407,66.0,-19.70774606204713,d376e226-efe0-486c-bcf5-7636ac198557,minecraft:item,true,Gunpowder,[null]
-83.07875522528514,12.0,71.875,3c0a0a01-7aeb-4d3e-871e-a256fdcf0ee6,minecraft:item,true,Gunpowder,[null]
-393.82478963328276,18.0,-376.2944805975913,19235c0b-ad63-41bc-95fd-549ddd797422,minecraft:item,true,Gunpowder,[null]
-392.125,66.0,-370.125,e4a0fbcd-5391-4b6b-8d52-c6ddce1005b1,minecraft:item,true,Gunpowder,[null]
-212.59927809456366,64.0,-85.79442904226728,3d775056-cfcf-4697-98ef-89cb066406e7,minecraft:item,true,Gunpowder,[null]
-219.69126878790948,64.0,-88.875,64ea3ed9-a9ae-4415-a600-3acf957a3053,minecraft:item,true,Gunpowder,[null]
-231.20557256431312,13.0,63.03927939017173,92bee579-d6cc-4dc8-9054-9b8185675086,minecraft:item,true,Gunpowder,[null]
-260.40630058256016,64.0,78.74934570328129,80de6fd2-c87d-49c9-98d8-b8722c97db34,minecraft:item,true,Gunpowder,[null]
-512.2725882851468,0.0,-249.38800334352325,4f237d2d-0ba8-46d3-ad83-3b289defbe16,minecraft:item,true,Gunpowder,[null]
-451.125,73.0,-291.2374707615904,01561845-a37b-419d-8501-02e2ba69cd79,minecraft:item,true,Gunpowder,[null]
-167.33117235948106,67.0,-51.870879567810434,be0d98c7-c7a9-435b-b0d0-9ae54b2f0a03,minecraft:item,true,Gunpowder,[null]
-161.0167612627645,64.0,-50.991165015466365,80b0ffc0-9fe3-4eb1-a00a-32b0d6f22338,minecraft:item,true,Gunpowder,[null]
-557.4835323596341,40.0,-360.1731382466977,4bc83d90-875f-4220-adda-3b656f0e48d7,minecraft:item,true,Gunpowder,[null]
-124.12470488897107,-8.0,-35.93709016182348,c04dac54-6dd9-4bf5-ad81-93cd0728b901,minecraft:item,true,Gunpowder,[null]
-519.125,-29.0,-305.2327744719093,d201383e-308e-4c57-9762-c8fdeaa257b1,minecraft:item,true,Gunpowder,[null]
-521.6750698745454,-30.0,-304.04451338733344,d95ce396-075a-45b8-b86a-be595394300b,minecraft:item,true,Gunpowder,[null]
-530.4728127331917,41.0,-443.125,727b0b08-ffd8-42a6-949f-7009eef96e1f,minecraft:item,true,Gunpowder,[null]
-529.125,42.0,-445.15581268669297,e6f0a8d2-9b9f-453e-8366-351626eedf09,minecraft:item,true,Gunpowder,[null]
-166.125,27.0,-108.23587362482945,d32d90ed-c958-4ab7-b813-6cf43e9c6f8f,minecraft:item,true,Gunpowder,[null]
-494.125,-34.0,-284.9504982511482,e791ee68-0662-4b8b-928b-9b855c6f221b,minecraft:item,true,Gunpowder,[null]
-516.3573147165264,-18.0,-274.229848357206,24175799-f810-4635-a1fc-df70f3a1a4d2,minecraft:item,true,Gunpowder,[null]
-180.49949143280745,21.0,43.86626905423659,551c3d3f-19e7-40d9-9aea-79deae125b16,minecraft:item,true,Gunpowder,[null]
-405.26816312989774,76.0,-375.7195005263422,5fd29715-ea6e-42a0-a5b6-82c15794218a,minecraft:item,true,Gunpowder,[null]
-138.5,29.0,-103.5,882f623b-b109-4083-ad17-3d664de74ec9,minecraft:creeper,true,Creeper,[null]
-162.125,69.0,1.7364702720912144,ba378b0a-07b2-4d77-94e2-e8d5992be53a,minecraft:item,true,Rotten Flesh,[null]
-461.77161649619507,72.0,-354.239051046445,9f7470c3-0484-4d3d-bcdd-11a96e144637,minecraft:item,true,Rotten Flesh,[null]
-206.8988933644361,72.0,17.200641118988624,52e655c0-e951-4d53-99bc-f1b45c891fca,minecraft:item,true,Rotten Flesh,[null]
-525.125,67.0,-442.6965505913975,5ee390b2-45a7-4a8c-96b9-711dad716d32,minecraft:item,true,Rotten Flesh,[null]
-394.7669448785683,41.0,-427.2865854789113,a957d257-af27-4d36-a990-3a8079c66ea0,minecraft:item,true,Rotten Flesh,[null]
-454.6262734744284,-42.0,-347.73834433056226,e388b498-beb9-40b1-a3c9-68dbf4daf0bd,minecraft:item,true,Rotten Flesh,[null]
-107.47611868124909,32.0,-12.318919820711066,67773660-3c59-484a-a72e-1562cf8c0932,minecraft:item,true,Rotten Flesh,[null]
-539.7258395654912,9.0,-397.8381364353135,2ed6bd55-9fd4-4ced-bd05-de577601ef00,minecraft:item,true,Rotten Flesh,[null]
-254.2466965990582,65.0,60.306220243655645,9805a3cf-611d-462a-8e04-874398c9c302,minecraft:item,true,Rotten Flesh,[null]
-123.73523601629661,-18.0,-5.341730436833389,a450c5e7-20b7-41f1-91ca-a7797e760f0d,minecraft:item,true,Rotten Flesh,[null]
-126.36084067617307,-17.0,-13.307473640173967,c8fb28de-46bd-4585-852a-e127a5476625,minecraft:item,true,Rotten Flesh,[null]
-285.9407568281569,40.0,10.125,073ddacc-93e8-4c4f-811a-4487c74a6157,minecraft:item,true,Rotten Flesh,[null]
-202.6677898760527,23.0,0.3577456829207303,7a458a02-bfe6-4b86-b604-4c8cc504e291,minecraft:item,true,Rotten Flesh,[null]
-374.8312992356979,71.0,-306.18922197853766,fc693dfb-5d3a-4299-8e77-f88be97ef1ef,minecraft:item,true,Rotten Flesh,[null]
-203.7282722731274,72.0,3.125,b9d9194c-a47c-4eaf-8c82-053ff3c2b730,minecraft:item,true,Rotten Flesh,[null]
-204.99025967653796,72.0,21.72821178828769,a4d812fa-83fb-4bf9-87fc-9f16eb3261d4,minecraft:item,true,Rotten Flesh,[null]
-440.5537974937412,72.0,-368.74846127661783,7e048320-b118-425a-8bad-a5bbe78da643,minecraft:item,true,Rotten Flesh,[null]
-542.2644420864548,-13.0,-402.1124709242935,320a635b-37fe-44f9-af34-03a6abf47cfb,minecraft:item,true,Rotten Flesh,[null]
-468.37190143433554,-14.0,-287.875,45762721-ebe4-4ed7-a270-b83cc8a7b374,minecraft:item,true,Rotten Flesh,[null]
-187.05561553442675,-17.0,-45.96572524452635,016295bf-6135-4803-8a19-bc8a0d91a774,minecraft:item,true,Rotten Flesh,[null]
-183.2720000832184,-21.0,-44.67921751122163,cbdc3515-53a8-409b-8789-cec4986a008f,minecraft:item,true,Rotten Flesh,[null]
-131.57925505651554,-19.0,-15.51351673276041,cb179f06-1d8f-4d57-a939-d3e1e5c67819,minecraft:item,true,Rotten Flesh,[null]
-396.875,75.0,-383.856978031903,f26b7034-202a-425f-be1f-a23548819a06,minecraft:item,true,Rotten Flesh,[null]
-205.26239977967393,68.0,-97.15952058165765,7caa5f51-bc6d-4773-8da9-5a5f5c28ebc3,minecraft:item,true,Rotten Flesh,[null]
-407.125,57.0,-379.92204543438095,7418efdf-f8a5-44f4-86b7-f00e1ec6f801,minecraft:item,true,Arrow,[null]
-189.22275535998426,16.0,23.378337062109132,c9da33b3-8b0f-4ce0-b544-227dfe9814d7,minecraft:item,true,Bone,[null]
-208.125,71.0,7.270672468971388,d85ff6df-bc1a-4d3f-bbb8-07789fe1aae3,minecraft:item,true,Bone,[null]
-420.02287551279255,-19.0,-323.02471639605295,4689f661-b7c9-4f1d-a0eb-582206a39251,minecraft:item,true,Bone,[null]
-78.56098448158075,0.0,49.486021356319476,eb33be6f-1693-48fc-b45b-7e34caa659a4,minecraft:item,true,Arrow,[null]
-78.67939298760312,0.0,50.24942072636107,8c313dee-78d8-4fc3-a544-dd032d5d7299,minecraft:item,true,Bone,[null]
-512.5734609760717,27.0,-312.3739888131112,f35856d6-0d4a-4c40-b2bc-0cbbe2b87193,minecraft:item,true,Arrow,[null]
-513.366564056397,27.0,-312.70788824873307,78181100-df65-49c0-b318-a34d77a8e13d,minecraft:item,true,Bone,[null]
-549.6636590602202,7.0,-376.125,0d829afb-40bc-411b-ab9d-b84125493be2,minecraft:item,true,Bone,[null]
-552.3169281187596,5.0,-384.6317476218383,cceadc0a-dba2-41ee-a934-ea9c74c741e2,minecraft:item,true,Arrow,[null]
-273.81387582998536,44.0,65.4737245378388,b4ed43e5-7436-486d-9e62-973c46bd0c36,minecraft:item,true,Arrow,[null]
-273.125,45.0,66.875,f57fb037-48ef-4001-8d69-4b77904aa4f6,minecraft:item,true,Bone,[null]
-439.9731309881846,74.0,-300.71318638840245,a8fe2707-39e9-41ab-820f-9bd51709a45f,minecraft:item,true,Arrow,[null]
-274.6898410180751,46.0,51.91098397185152,1b43e4ff-f6b1-4b0a-af55-c4628b5e7e80,minecraft:item,true,Arrow,[null]
-274.125,46.0,52.875,08e87e37-bcd1-45cb-9d14-1ec4609dfd37,minecraft:item,true,Bone,[null]
-431.7829490723726,47.0,-422.125,633df376-3d6b-4ed3-b199-c2fc4d03c848,minecraft:item,true,Arrow,[null]
-430.42874254384066,46.0,-422.3590474906602,0161c6c9-edbb-4509-b393-4364667cd4fd,minecraft:item,true,Bone,[null]
-393.5684432947623,-1.0,-397.79208037033686,57f7dc53-6e3f-4449-acaa-aa30d6776ace,minecraft:item,true,Arrow,[null]
-397.85214831891886,-1.0,-398.5999401235687,ea071e2b-56af-4cd1-9b2f-2a90de3a32a6,minecraft:item,true,Arrow,[null]
-397.875,-1.0,-399.43281368668966,31a90188-1f0e-4842-b297-da8b8ac7e477,minecraft:item,true,Bone,[null]
-394.875,-1.0,-397.75229379145867,9a338907-aea6-4d13-bf80-f232886f8fec,minecraft:item,true,Arrow,[null]
-394.2956947640123,-1.0,-398.3756329456776,3c0822e2-d50b-432b-bc9c-e41758549f78,minecraft:item,true,Bone,[null]
-403.27775485499967,0.0,-397.64513916041136,63e0497d-a432-42b4-a26c-df881763ab4f,minecraft:item,true,Arrow,[null]
-403.0336798596713,0.0,-398.3177965334188,132cbe0d-0999-447b-af33-18a7eae995d5,minecraft:item,true,Bone,[null]
-424.5675597808704,0.0,-418.6398977656065,995f06de-350e-4f59-9fa4-c8036e6ba684,minecraft:item,true,Bone,[null]
-430.770477563889,-2.5,-417.4639449749353,b2cabe8c-b48e-40e4-88db-173d9302172c,minecraft:item,true,Bone,[null]
-213.10411373157805,26.0,52.52937099401866,4014a3b3-b3a0-4181-9dc1-a182efc9f0b2,minecraft:item,true,Arrow,[null]
-213.125,26.0,53.462554100135634,59e185ea-3442-4650-9fba-8ec51adff0dc,minecraft:item,true,Bone,[null]
-216.21499593947647,26.0,51.757726220437895,f7ba0e85-7065-4746-aea4-5e30c93322ab,minecraft:item,true,Bone,[null]
-399.125,29.0,-340.8046009073537,34466a4c-3e17-405f-81ad-fdae967f573a,minecraft:item,true,Arrow,[null]
-400.2056621112675,29.0,-340.2157168308195,9c9f226d-51dc-46bb-a91d-248a5735af6a,minecraft:item,true,Bone,[null]
-402.64946083323656,31.0,-336.5377105607736,91a1270f-db9f-46e7-b33d-40bb2f9e396a,minecraft:item,true,Arrow,[null]
-122.7359399734454,18.0,97.2217262641226,d89bd68d-afb8-47ae-a5fa-4e72e848fa14,minecraft:item,true,Arrow,[null]
-122.88405188447855,18.0,96.48547716585787,93351332-d477-4c32-9c54-053f8fa0eb47,minecraft:item,true,Bone,[null]
-117.875,18.125,88.91795903062959,1da78417-bf09-402d-84b0-7ef0872a3396,minecraft:item,true,Arrow,[null]
-117.13860948415815,18.0625,89.38014847042582,b3b70456-3edf-4a7e-9d09-9a1aded1e505,minecraft:item,true,Bone,[null]
-426.125,38.0,-302.125,0b153b07-1fd8-43c0-935f-d683cc1d4049,minecraft:item,true,Arrow,[null]
-484.89862280841186,75.0,-303.3460733792985,59fe08a4-185e-4af4-a86d-c88141034d9a,minecraft:item,true,Arrow,[null]
-483.7115783546265,75.0,-303.98647651486846,cd73c47e-0b07-4b03-89b3-5a24bceb12bc,minecraft:item,true,Bone,[null]
-214.82564988555504,15.0,76.31172894144926,478f64a0-da8c-48c6-bdcf-5e5027d44759,minecraft:item,true,Arrow,[null]
-214.8243990436664,15.0,77.02434755905375,da804671-ab47-40e8-92b9-cb2661f2fcac,minecraft:item,true,Bone,[null]
-513.6965352788816,1.0,-261.125,e0bce55c-5aaa-4ce5-991f-6fc204609123,minecraft:item,true,Arrow,[null]
-511.9987593215051,22.0,-325.49071081360853,a0e7168d-88e5-4943-8c7f-bcf9e4942e81,minecraft:item,true,Arrow,[null]
-512.3132169049632,22.0,-325.54380024423966,df20531e-bf8d-41be-9ad2-83ba584036e2,minecraft:item,true,Bone,[null]
-461.125,-32.0,-313.0235114641523,8c4a48b5-b10a-4854-9e1c-d4bd45a497da,minecraft:item,true,Arrow,[null]
-462.59289275038685,-32.0,-309.0560087799286,d7adb618-ce38-48dd-aabd-14af3b2cd12d,minecraft:item,true,Arrow,[null]
-462.268849594986,-32.0,-308.26894505025723,2f784adb-e619-4013-8dd2-2cbce339bbb2,minecraft:item,true,Bone,[null]
-213.3854718645596,0.0,-54.872122965875,d87868fa-dc03-4b22-ab47-ab5b996dbad3,minecraft:item,true,Arrow,[null]
-427.6269206951078,-15.0,-281.3181295365766,b41203ef-c426-4999-8454-969b837c2f0c,minecraft:item,true,Arrow,[null]
-427.125,-15.0,-281.52362387153227,041bf7e0-ef0d-4887-9669-b0aa45193a0a,minecraft:item,true,Bone,[null]
-417.6969025581152,-15.0,-281.2022541271008,c39591ad-0daa-42ba-841c-db4d354de8ff,minecraft:item,true,Arrow,[null]
-179.0203892609481,68.0,-17.125,dce8872b-b690-4442-96e7-1f662b8b27d6,minecraft:item,true,Arrow,[null]
-179.4348903009551,68.0,-17.347081719454586,757f49fb-adee-48e3-aaef-367728015b89,minecraft:item,true,Bone,[null]
-159.51701047434275,70.0,-9.633998284801876,5b1dc5ae-df06-4e4b-895d-1f9c36cd1a8e,minecraft:item,true,Arrow,[null]
-439.875,77.0,-414.9050330501069,dacbfc06-07c8-4758-9a8c-9440b9948fac,minecraft:item,true,Bone,[null]
-427.11684820731773,64.0,-397.1424344110204,f25a0222-f226-429e-a121-0cc1f4739371,minecraft:item,true,Arrow,[null]
-426.125,62.0,-396.6485319533166,676fc595-e437-44ab-b914-e2412ae8901b,minecraft:item,true,Bone,[null]
-437.45485940472923,-29.0,-299.85879583587206,f1613227-32d0-4e02-b9b7-ee97f1597712,minecraft:item,true,Bone,[null]
-168.49417379655185,-19.0,-47.875,5c607a8c-030d-4815-8be4-f178a6172a24,minecraft:item,true,Arrow,[null]
-246.3749863016941,10.0,-48.91042172350797,acbf0064-8066-4bd4-86d9-c19fdf54cac8,minecraft:item,true,Arrow,[null]
-247.10434382501114,10.0,-49.22492058100279,6e05ede8-95d4-47b4-a227-6a0deb04041c,minecraft:item,true,Bone,[null]
-140.875,29.0,-106.38673664319883,903d09c2-1ab9-4796-8363-0776c6112c27,minecraft:item,true,Bone,[null]
-536.076724951123,63.0,-454.5525379644611,660b1020-8157-4e9b-8a32-f8d2e7bddb13,minecraft:item,true,Arrow,[null]
-535.8082925877623,63.0,-455.1192889398037,8861b86b-3791-4ee9-a5c2-4af0c12b8c4e,minecraft:item,true,Bone,[null]
-148.29779168004018,-19.0,43.91942919877528,12db0bfe-7789-4fa6-ab0c-f1f21320cfa7,minecraft:item,true,Arrow,[null]
-147.72892976654163,-17.0,41.75785467054371,15b68be1-20bd-4106-98f8-4a370fbc4a9d,minecraft:item,true,Bone,[null]
-145.5514503768683,-19.0,43.28485878059419,79c581ca-f414-44a2-8e26-4e9ef0d8c591,minecraft:item,true,Arrow,[null]
-145.8243551029719,-19.0,42.632986822961335,56259d67-c59a-47de-a1e2-bc4dfa82eaa0,minecraft:item,true,Bone,[null]
-142.6244579694493,64.0,-35.36695364095567,36fbe02d-23e0-485a-b854-5d562d986cd1,minecraft:item,true,Bone,[null]
-225.90171342417295,21.0,-77.37076190941322,24f5143a-01c3-4071-b3b4-a51d4eab477e,minecraft:item,true,Arrow,[null]
-191.58869116989695,51.0,-62.36968799696819,46ce847f-7f35-4b07-a239-74f1bdcbfad3,minecraft:item,true,Arrow,[null]
-191.06605493084737,51.0,-62.125,9466d224-f25b-4e65-bc63-25f3c570e9e6,minecraft:item,true,Bone,[null]
-380.7388875174241,54.0,-388.40026811645464,b52f5860-dc0e-4f0f-b682-7500f5f67827,minecraft:item,true,Arrow,[null]
-380.607780072814,54.0,-387.6857156975897,8a7dc8f9-1911-4d94-acbe-6301b35602d3,minecraft:item,true,Bone,[null]
-380.71577788070834,53.0,-396.82206011348876,20464fd6-3360-424d-825e-17a472d6a192,minecraft:item,true,Arrow,[null]
-379.63315794455514,53.0,-398.16164081960153,8756f8b4-1fb0-4dcb-95f4-257624c5aba8,minecraft:item,true,Bone,[null]
-387.5670600324215,56.0,-395.9978831876623,4e6d8183-a488-4012-9241-a8c2fd835610,minecraft:item,true,Arrow,[null]
-387.9107328984866,56.0,-396.8446435503207,f0ec3112-2aca-47db-a98c-42415fb25722,minecraft:item,true,Bone,[null]
-479.75,-18.0,-291.875,3f86c327-2245-4764-ab3c-e0ecc5d2160e,minecraft:item,true,Arrow,[null]
-480.62774340800365,-18.0,-290.7841896960571,e3c8dc67-ed51-440b-904c-36b124cc854c,minecraft:item,true,Bone,[null]
-481.52841179957966,-18.0,-291.00701992120696,df709133-0f84-4e03-b59a-5ab0f88d59d4,minecraft:item,true,Bone,[null]
-480.9311182186294,-18.0,-291.875,31c90252-0c70-4362-aa12-0b0b2a5cf985,minecraft:item,true,Bone,[null]
-75.20159759829038,5.0,35.125,28c3fd42-f5f5-44ee-9274-4c7a6261edaa,minecraft:item,true,Arrow,[null]
-75.2725275793951,4.0,37.037266228160114,39699d1b-8365-49e9-8954-619e13051f8c,minecraft:item,true,Bone,[null]
-453.48541639789755,3.0,-377.875,e3462364-76d2-4526-870b-3275c57ee1d4,minecraft:item,true,Bone,[null]
-177.125,26.0,87.33627934364807,0a24aa9a-00d5-4dd8-8246-cdba08957607,minecraft:item,true,Bone,[null]
-136.77184717033745,-26.0,-6.284896318021838,2e16bf17-0e32-48a4-9709-a621b7d4a8c6,minecraft:item,true,Bone,[null]
-136.80200359207262,-26.0,-5.293444231422256,2b40191c-7917-44ac-a7a5-46da15ebda0b,minecraft:item,true,Arrow,[null]
-135.80219199410615,-26.0,-6.251382336352956,0d612ba5-9322-41b8-8848-428a4c54b79f,minecraft:item,true,Bone,[null]
-140.212664262722,-26.0,-6.40103970032522,662df9e6-090c-4646-97da-ae13c46c58d9,minecraft:item,true,Arrow,[null]
-140.46831070199315,-26.0,-7.414944878052602,d08fbb0c-7379-4628-a7f7-289d9bd69218,minecraft:item,true,Bone,[null]
-223.5,14.0,91.5,72dedeae-f8be-45c6-a4f7-9ae9ee705066,minecraft:creeper,true,Creeper,[null]
-402.1137766451386,87.0,-447.70885501945384,692d8b33-58f5-434f-bd21-da900b17fd68,minecraft:item,true,Egg,[null]
-194.7597884861085,72.37028831843556,31.77969010977155,c9ec1e86-fa16-4f80-ac9e-05fff30cd498,alexsmobs:fly,true,Fly,[null]
-256.9422802888977,65.0,113.42974698882608,ac5dcdc8-3dd7-41de-8aaa-28d740434979,minecraft:item,true,Egg,[null]
-513.3122848318989,40.0,-343.7106781664876,1dfe47f4-dc4e-410c-a7d9-d2c569c747d7,alexsmobs:lobster,true,Lobster,[null]
-509.7512813898748,103.0,-472.4222082154999,9a4d3552-f6af-42ab-8193-cd9317a42260,minecraft:item,true,Egg,[null]
-217.42539212033242,-5.0,-48.18831357396912,40a227a6-2384-4013-80dc-5363ec9635eb,minecraft:creeper,true,Creeper,[null]
-558.1458366775755,-10.0,-392.0427980991808,dcc988ff-f30a-4b2a-a6a4-c499ea87d199,doppelgangermod:disguisechicken,true,chicken,[null]
-173.33774277069753,62.415518153267385,110.9292974315918,c7f5202f-ee52-4097-9e2e-24537e4c0563,minecraft:item,true,Ink Sac,[null]
-391.5,-4.0,-346.5,0a0552ed-ed8e-4c61-a692-70d450294706,minecraft:zombie,true,Zombie,[null]
-175.4105461494283,62.53525463224599,117.57031275447355,76dcbfe3-b3cc-4020-8d3b-15791f205456,minecraft:item,true,Ink Sac,[null]
-464.3406162021015,-9.0,-424.3680439223866,0b5a4fc3-da77-4541-8695-7ca92783df4e,minecraft:creeper,true,Creeper,[null]
-182.5784674813772,62.44405119061987,115.68150596905288,74446d02-0837-4867-886f-76b62ff6f84c,minecraft:item,true,Ink Sac,[null]
-228.70115277010868,-8.0,18.769841579156118,1bc6e3ac-efcb-439e-864e-7fef4ab17cc5,alexsmobs:centipede_head,true,Cave Centipede,[null]
-229.2610387275533,-8.0,19.506151768295766,a8645a86-05ea-4c54-9469-d0f5a14a0c38,alexsmobs:centipede_body,true,Cave Centipede Body,[null]
-229.87906622160313,-8.0,20.26025187332251,4acd9e72-473b-471c-adb4-332aeb3383d9,alexsmobs:centipede_body,true,Cave Centipede Body,[null]
-230.77144054839692,-8.0,19.86745025565766,94fe5208-13e2-445f-b8d4-2f7e330df2df,alexsmobs:centipede_body,true,Cave Centipede Body,[null]
-231.53375099425955,-7.812156236804901,19.600858635913553,5e03a742-c55a-48cd-ac25-33b7f19edcd6,alexsmobs:centipede_body,true,Cave Centipede Body,[null]
-232.4284455497093,-7.728420031659538,19.437649856484228,8d205572-4c8b-4108-8248-e6fe11cd2106,alexsmobs:centipede_body,true,Cave Centipede Body,[null]
-233.0186610506587,-7.770451194770142,20.153744169633114,f94de0af-2db9-4d6c-9bfe-a3ae9787998d,alexsmobs:centipede_body,true,Cave Centipede Body,[null]
-233.60770567488234,-7.770451194770142,20.858449668925246,c52b7ee4-2787-4979-89d9-87d1f6e85cc1,alexsmobs:centipede_body,true,Cave Centipede Body,[null]
-234.19818289408494,-7.691216612390964,21.552877718973765,5b9c0837-b289-4adc-94d6-6a51acae200c,alexsmobs:centipede_tail,true,Cave Centipede Tail,[null]
-210.48057310875058,43.0,32.48470807064441,3bdf0bf9-efd8-44a6-b063-4bb82812eb4d,alexsmobs:lobster,true,Lobster,[null]
-241.5,-7.0,12.5,044df73d-66dd-412a-870d-ef284e77d093,minecraft:skeleton,true,Skeleton,[null]
-452.5,1.0,-443.5,165fd0da-93b6-4b17-86ed-15157e71c240,minecraft:zombie,true,Zombie,[null]
-161.30758281095868,73.62605036118262,-44.03432259834978,4bacd6e6-3c9a-4d79-87e9-56553be9432f,minecraft:bee,true,Bee,[null]
-159.65000000596046,68.15623396682261,-47.49363124183269,4af6cef0-725e-4b0d-ad51-6451d1b1b567,minecraft:bee,true,Bee,[null]
-210.3093829708612,73.05041881962373,-160.06582775012427,5023337f-534f-4c53-8e88-162a6f0ecfe8,minecraft:bee,true,Bee,[null]
-305.5,84.19999998807907,-273.60000000596045,72fa9c85-7ed8-4b4c-a5e1-ac5c0f3b294e,minecraft:bee,true,Bee,[null]
-305.5,84.19999998807907,-273.60000000596045,37a52767-5d9c-45af-b910-e5907805c74e,minecraft:bee,true,Bee,[null]
-305.5,84.19999998807907,-273.60000000596045,2a5920f0-4eb7-4d74-83a7-52a61399b93f,minecraft:bee,true,Bee,[null]
-551.4749999940395,8.45729439217607,-411.18619110741486,e84ef4ee-6867-4ee2-a904-08d21aabc73e,minecraft:spider,true,Spider,[null]
-390.4826974031688,-4.0,-373.9098103710258,0fba4c4d-4cd7-48e6-8e4b-83a872a46d99,minecraft:skeleton,true,Skeleton,[null]
-81.46234486582162,10.547714777029631,66.42255382813495,0a80ecff-c9ba-41ff-835f-af2afe0947f0,minecraft:bat,true,Bat,[null]
-242.5,26.0,1.699999988079071,cc48628e-d81c-4afd-9538-f1dbf68a24ff,minecraft:skeleton,true,Skeleton,[null]
-548.4754567068034,68.0,-388.5234499285994,d0b6f607-0527-4d08-ace0-6d5c4e4331ef,minecraft:zombie,true,Zombie,[null]
-133.1432907951163,-45.0,29.037036579328017,a6db55af-ecd6-4d9c-b9d9-5331adad2cc3,minecraft:skeleton,true,Skeleton,[null]
-57.5,30.0,57.5,4f11d65d-137d-436c-9f4f-0a3462ccfa40,minecraft:creeper,true,Creeper,[null]
-122.52782135632154,-23.0,3.0857592754774363,ccc7f95b-dcc3-4880-9f24-430caa5bdcbe,minecraft:creeper,true,Creeper,[null]
-136.5,18.0,103.5,d88ee7e0-b422-40e3-a606-fa881a6fd60c,minecraft:skeleton,true,Skeleton,[null]
-118.5,2.0,-72.5,e888e2bc-1006-4118-a55e-18441bfa7f93,minecraft:drowned,true,Drowned,[null]
-483.61111135287655,53.50839412026107,-439.0796543245546,9616dab0-8063-4d4f-97f5-b534377155c3,minecraft:squid,true,Squid,[null]
-453.4562165000263,76.39017771244318,-276.5276646016369,d95d448d-69e9-435e-b0f8-991881addd58,alexsmobs:fly,true,Fly,[null]
-371.5,55.0,-358.5,aeb5a30d-9816-4423-b258-c5a104f46d63,minecraft:skeleton,true,Skeleton,[null]
-522.5140841588247,-7.0,-389.48593181839817,e5398deb-f10f-400f-bb5a-b2a5f5efc335,minecraft:creeper,true,Creeper,[null]
-160.40259727158653,-35.431485940447615,-21.56780971480792,d81b03d1-3fc5-45ac-a8ca-481561e1cf73,minecraft:bat,true,Bat,[null]
-97.52445851868914,11.0,71.52470030357057,6f7cc4b9-91e9-4a55-bd42-096da923445b,minecraft:creeper,true,Creeper,[null]
-214.65000000596046,43.0,33.84082222635379,8b07360c-1b84-42a2-8aa3-eedb093ae26a,alexsmobs:lobster,true,Lobster,[null]
-450.125,-17.03327639722146,-297.5527772751288,866de8c7-3b54-4707-a5cd-d650df7f4d10,minecraft:bat,true,Bat,[null]
-197.48363172006364,34.0,9.516158120895648,d7441c4d-d7ee-4cf7-85d5-6552d9da4f4a,minecraft:skeleton,true,Skeleton,[null]
-435.1040908792714,-3.0,-320.56755159720115,0920d446-b430-47b4-b2bc-a9193f40ffc7,minecraft:skeleton,true,Skeleton,[null]
-423.51342776363714,31.0,-330.2159816831562,c0de4ddb-7f10-4e54-ac63-82822479598a,minecraft:skeleton,true,Skeleton,[null]
-164.5,72.35,11.5,93d800ce-683c-4021-88d1-fbcf91a789ca,valhelsia_furniture:seat,true,entity.valhelsia_furniture.seat,[null]
-75.43258995702932,-0.9622003348321547,47.625,7584b76a-5cb7-4a52-af5b-910391bf0d7a,minecraft:axolotl,true,Axolotl,[null]
-459.4855891763792,42.02766399909711,-256.75,729afe19-9b23-452e-b03c-c4d7723c78b5,minecraft:bat,true,Bat,[null]
-106.5,2.0,103.5,545e4fd4-9853-48a2-8f14-5ff5af41b855,minecraft:creeper,true,Creeper,[null]
-108.9130683295852,7.0,103.37310124908527,a46ecdae-e6b7-441d-8912-fa22a853e61b,minecraft:creeper,true,Creeper,[null]
-214.39880591822813,50.0,22.45385526020796,b90aa55a-bf78-4411-bcb3-abf19a693685,alexsmobs:lobster,true,Lobster,[null]
-155.59111456612803,72.0,23.9056442604199,362b4b12-e970-48dd-bf34-f9f6c8ef311a,minecraft:item,true,Rotten Flesh,[null]
-423.4952101191117,31.0,-329.32071619794016,64a35b02-ddf7-4306-a7d6-555d74fe8c60,minecraft:skeleton,true,Skeleton,[null]
-155.32012601571196,70.0,24.246024744225604,cd2ecff7-abb2-4709-848a-3810b449b5b5,minecraft:item,true,Grass Block,[null]
-412.27246977008116,-9.0,-301.7899574799749,026d7958-9d5d-4446-b1c0-5eff49f04005,minecraft:spider,true,Spider,[null]
-403.4784571439538,-11.0,-298.46954744325086,8fa846fa-402b-4a30-bdfa-0ac777015e3d,minecraft:zombie,true,Zombie,[null]
-141.36454867675374,50.00000656360642,109.24952026691557,f1a334e5-cfe2-4864-9403-bb070e9f944f,alexsmobs:orca,true,Orca,[null]
-213.88570871467752,52.74967060482698,112.93029376417563,7a9ab51a-d56b-4ad9-b7bb-a58af346ddb6,alexsmobs:orca,true,Orca,[null]
-155.31309279492606,72.0,23.778495039486025,b6d33952-8439-4886-9048-88c209c975bc,minecraft:item,true,Spruce Log,[null]
-473.46485842770664,-31.0,-337.46248700510716,27b16862-d2e4-4904-858e-f114a1c1d5cc,alexsmobs:cockroach,true,Cockroach,[null]
-479.5,12.0,-409.5,5428761e-cec2-4d0d-942e-d3d0bb8e1e0f,minecraft:creeper,true,Creeper,[null]
-92.32676201593131,2.357043392257765,-59.74241105886176,bc66796d-cc52-4392-9391-b9dd31ffa1cb,minecraft:glow_squid,true,Glow Squid,[null]
-88.43684127815374,2.2379925411660224,-59.0578891719011,7ba667d6-3eb6-42fd-bdb6-b83a5e156aa8,minecraft:glow_squid,true,Glow Squid,[null]
-84.31699434760958,2.5562136890366673,-59.06455575209111,4f070aa8-1193-49c4-aca0-7e7055f7674f,minecraft:glow_squid,true,Glow Squid,[null]
-377.5,50.0,-404.5,64072e68-304d-4a5c-a3fc-efa400fb166e,minecraft:skeleton,true,Skeleton,[null]
-169.5,31.0,-103.5,24cef655-5789-43ff-9a3e-1c1bfbad929a,minecraft:creeper,true,Creeper,[null]
-532.4000000059605,4.756786507554352,-272.40000000596046,a44b1978-0a6c-4077-8692-b4473ec32ae5,minecraft:glow_squid,true,Glow Squid,[null]
-536.8403181079775,5.643211577087641,-266.9978580381721,da032098-453e-4752-86ed-d9969eec8990,minecraft:glow_squid,true,Glow Squid,[null]
-200.5,8.0,11.5,a529082d-59d7-47a6-a165-9c9ff6de7bb6,minecraft:skeleton,true,Skeleton,[null]
-547.5,-25.0,-294.5,f9f9c4f6-d7e9-404a-9bb4-6767361c84d0,graveyard:ghoul,true,Ghoul,[null]
-269.5,7.0,35.5,a83f370d-dc8e-490d-81cd-1a1cdea9a5cd,minecraft:creeper,true,Creeper,[null]
-84.5,13.0,22.5,1bde10f5-09bd-43af-b175-13fdb9d1d859,minecraft:creeper,true,Creeper,[null]
-145.5,36.0,55.5,f5fdd460-3315-49cf-9dc9-1131026814ce,minecraft:skeleton,true,Skeleton,[null]
-575.5250000059605,31.0,-355.02691682053506,c06da3d1-11a8-4c82-a5e9-930f779a3d8e,minecraft:spider,true,Spider,[null]
-525.6264380682193,64.0,-347.375,d7794bfb-960f-4d56-9a36-5e0acc594b12,alexsmobs:terrapin,true,Terrapin,[null]
-508.34999999403954,53.572672000000004,-363.50000061479085,55de7cb2-18cb-43db-b69e-82778403c7a4,alexsmobs:lobster,true,Lobster,[null]
-151.50005169193108,52.0,72.34999999403954,7ef429aa-2b83-4ef1-8772-f59aa0f9e3f8,alexsmobs:lobster,true,Lobster,[null]
-531.5,-5.0,-438.5,ed682053-e14d-481b-b643-a90f03be4108,alexsmobs:cockroach,true,Cockroach,[null]
-472.9403680419782,-27.0,-303.47582435627817,a7306e8e-78ec-488e-8d06-eecde42e904d,minecraft:skeleton,true,Skeleton,[null]
-470.51306764818366,-27.0,-308.01675403370507,ba73e0a7-03f9-46d6-91a6-571aa4adc3bc,minecraft:skeleton,true,Skeleton,[null]
-545.5,-39.0,-361.5,aef0b5b0-25e3-4e62-bc01-998f7e911b56,minecraft:zombie,true,Zombie,[null]
-545.5,-39.0,-360.5,74501f2d-dcef-49a7-95d6-c6b27e836f10,minecraft:zombie,true,Zombie,[null]
-209.26309879856635,-1.0,14.582516045009305,debb07ef-9085-42df-8609-9887c99b028f,minecraft:creeper,true,Creeper,[null]
-504.3958377543413,34.0,-316.3136875556213,f77fbf92-0c85-4463-b50f-b0026f838346,alexsmobs:lobster,true,Lobster,[null]
-504.34999999403954,34.0,-307.34999999403954,a57457c4-5b29-4609-ac69-beee5e2639e7,alexsmobs:lobster,true,Lobster,[null]
-468.89991844477873,31.09593277233236,-241.75,44716fb5-a255-49bd-b70c-7e0744e08789,minecraft:bat,true,Bat,[null]
-486.40000000596046,57.48951066774316,-412.80473531223834,789b6552-e492-4fb8-b2b6-04b54f33123f,minecraft:squid,true,Squid,[null]
-492.5792365325615,53.53924918407574,-411.41455878224224,97dc8f80-fdd4-44a0-964f-9bda489dd8f3,minecraft:squid,true,Squid,[null]
-190.62494171980018,40.0,-73.80747318732546,6e9cdac5-6d6c-49d4-8500-867ae87b80cb,minecraft:skeleton,true,Skeleton,[null]
-440.5,-2.0,-400.5,5960dbd5-d99d-4a2a-a001-ad174b0f96d3,minecraft:creeper,true,Creeper,[null]
-440.5,-2.0,-401.5,0f9befc3-ca16-42ae-a497-d06215f06a1e,minecraft:creeper,true,Creeper,[null]
-451.90502926028455,-4.0,-407.1417228259813,0cc0a0a0-e342-427e-83d3-fff0d27b905d,minecraft:creeper,true,Creeper,[null]
-135.76996210753578,38.0,52.22363726883655,d9ea95d0-1c64-4a42-94a1-dc5b25f6286f,alexsmobs:lobster,true,Lobster,[null]
-452.9771862733595,9.0,-434.4312662117765,6f304f65-2d64-4d21-9500-9c60af8a0b8b,alexsmobs:cockroach,true,Cockroach,[null]
-76.7297946632531,3.8806684193544396,48.75,cea8fe0a-58b8-48fa-91d4-87aa9ae89d2d,minecraft:bat,true,Bat,[null]
-214.36731049915448,56.0,7.2089804369641,ae3e106c-c557-4d79-8f55-dbceeec82cb4,alexsmobs:lobster,true,Lobster,[null]
-216.51354773873493,55.0,9.624750404616679,8d804e91-a503-4222-9ebd-f810b1069264,alexsmobs:lobster,true,Lobster,[null]
-215.5443632242213,55.0,9.168340974570096,36485f4e-9187-44bd-a2dc-4f90abe5c1fc,alexsmobs:lobster,true,Lobster,[null]
-215.87978062322802,55.0,8.462060587261174,f1ac6ecd-e60f-4de9-9c3a-cbe75f7e5546,alexsmobs:lobster,true,Lobster,[null]
-66.5,-6.0,37.5,0e18ebf8-ac18-43ae-8d7e-f4c54196904f,minecraft:creeper,true,Creeper,[null]
-85.5,21.0,-28.5,489f13fb-48bc-44f0-be3a-836f5a71bb05,minecraft:creeper,true,Creeper,[null]
-452.5,-8.0,-417.5,d4f789a3-a2db-4e94-b660-a005d59478b7,minecraft:spider,true,Spider,[null]
-455.5,-8.0,-419.5,a8391b9c-a5b8-4e7a-b00b-cd3072aecd89,minecraft:enderman,true,Enderman,[null]
-145.5,12.0,-5.5,76cded86-9857-4d96-85c5-26f644629b07,minecraft:creeper,true,Creeper,[null]
-516.5,88.0,-468.5,13529cba-6260-44b8-b3b8-d95058c2fbba,minecraft:skeleton,true,Skeleton,[null]
-517.5,88.0,-469.5,ca2cccd5-e14a-43fb-9e9d-5ea35c4ab750,minecraft:skeleton,true,Skeleton,[null]
-432.5,20.0,-401.5,2f00b386-7748-445c-b2e9-b37838d1bd04,minecraft:creeper,true,Creeper,[null]
-384.5,63.0,-414.5,789f131c-0f43-46ff-90e8-80c0fb3ca636,minecraft:skeleton,true,Skeleton,[null]
-381.14201845291933,64.0,-420.4094114123344,1cd7a7df-47d9-49be-8952-e4335178eb76,minecraft:skeleton,true,Skeleton,[null]
-424.5,38.0,-323.5,35ff8e69-2e25-48f4-a15d-4375312d62bf,minecraft:zombie,true,Zombie,[null]
-422.5,38.0,-328.5,e870c714-7f61-42c9-9e70-0725b93a516f,minecraft:zombie,true,Zombie,[null]
-102.51804512877803,-30.0,45.49867383195318,7a587559-f653-4b84-90cf-80ffb5518043,minecraft:zombie,true,Zombie,[null]
-492.8619980356101,16.0,-235.37362378982655,430003c9-e132-46b7-8297-68ff425dbc37,minecraft:creeper,true,Creeper,[null]
-502.5223326804488,35.0,-307.4776114643334,6ae18d58-48e7-4dfa-bb23-e4c36c654db7,alexsmobs:lobster,true,Lobster,[null]
-504.53107360337833,35.0,-311.42705332455927,da555f50-cb3e-48b4-9204-1953c3b7b18c,alexsmobs:lobster,true,Lobster,[null]
-506.9409071768252,34.0,-310.1324316612062,c66b0c61-2b59-4b61-8ad7-4386276fd261,alexsmobs:lobster,true,Lobster,[null]
-501.5162382655431,36.0,-300.52182674200407,176ce9d9-6a90-4846-9340-9d6843e9f781,alexsmobs:lobster,true,Lobster,[null]
-563.8798405787779,4.0,-405.64385062607283,2e101117-cc93-446e-a2ae-6735349c92eb,minecraft:zombie,true,Zombie,[null]
-548.9571391488954,5.0,-403.4696219139589,49c981dd-7f21-4d2c-abe7-d214c6da4798,minecraft:zombie,true,Zombie,[null]
-564.5019269386564,5.0,-402.46703623891216,ce00c601-9ea8-4120-844d-bac9ce2ce403,minecraft:zombie,true,Zombie,[null]
-510.6314826312453,104.0,-479.07941682191847,ced03d5a-daae-4556-a849-95608b7c791e,minecraft:item,true,Egg,[null]
-87.5,8.0,58.5,bbf00852-5247-4852-b40b-0d37141e394e,minecraft:skeleton,true,Skeleton,[null]
-86.49730726055324,8.0,66.53818510579167,7f9c1818-fe73-4027-bb01-8d0e7308a5fd,minecraft:skeleton,true,Skeleton,[null]
-93.42311973338278,12.0,70.47552328942467,618ee8c1-e2c1-4368-a084-b8209da9103c,minecraft:skeleton,true,Skeleton,[null]
-94.14957226297278,12.0,70.69999998807907,60c2274c-465b-4d0e-806e-91de1ad139e4,minecraft:skeleton,true,Skeleton,[null]
-137.42868255507366,38.0,47.63889667441465,5aeb36d7-995b-416e-a655-9ebcb6993c24,alexsmobs:lobster,true,Lobster,[null]
-136.49698490616888,38.0,48.89534119137772,975d7dee-a225-4b3c-99c2-43bb9730a1b2,alexsmobs:lobster,true,Lobster,[null]
-141.48467641763887,37.0,47.47483354113183,e4785d17-9088-4056-8bea-868ebfab8283,alexsmobs:lobster,true,Lobster,[null]
-141.4999639996014,38.0,49.650000005960464,258970a3-1470-4e4b-85e9-27aa502c5d52,alexsmobs:lobster,true,Lobster,[null]
-586.5,37.0,-347.5,e0c4435f-3f9b-4cf0-bc1e-c5a073ebd135,minecraft:zombie,true,Zombie,[null]
-127.43685238373479,16.0,101.56237680548064,c1487458-3adf-4332-ab43-26d1f0e99073,minecraft:creeper,true,Creeper,[null]
-135.5,18.0,103.5,5ea76def-2bc3-40bb-9a30-3c306a49dc27,minecraft:creeper,true,Creeper,[null]
-164.5,9.0,-17.5,0d26a68a-ce24-4f20-9b66-815624fd6d25,minecraft:zombie,true,Zombie,[null]
-65.5017656279205,1.0,49.519964905237366,714f97a8-784a-4a23-97d2-2036dde7aa1d,minecraft:creeper,true,Creeper,[null]
-93.5,25.0,-21.5,431b2392-b15a-4066-8297-e56c0b1d2919,minecraft:creeper,true,Creeper,[null]
-191.5,19.0,41.5,2c36fb18-4e54-4bce-a41e-98cb78a5f0ce,minecraft:skeleton,true,Skeleton,[null]
-511.96199663438256,34.0,-318.2420729109955,369b8e2c-6387-4bc0-93d3-72b3c4afae4e,alexsmobs:lobster,true,Lobster,[null]
-109.5,16.0,39.5,a549275d-5983-4f77-b0cd-6c60b45eec48,alexsmobs:cockroach,true,Cockroach,[null]
-535.0702541246663,9.30556379179868,-390.7559962887317,cc6bad19-a578-46a0-be38-b22da7435800,minecraft:glow_squid,true,Glow Squid,[null]
-536.8750663108007,9.792946343310177,-389.65364354923753,037bb2f4-56ea-41f6-9637-f084ed6a1624,minecraft:glow_squid,true,Glow Squid,[null]
-547.5,10.0,-314.5,c3f67e05-23b0-4d33-b53f-e7f8cf21e232,alexsmobs:cockroach,true,Cockroach,[null]
-505.5164512946929,35.0,-307.49262969966134,45589d7b-a410-42b1-9155-548729e124e0,alexsmobs:lobster,true,Lobster,[null]
-505.48118478257834,34.0,-306.48474529559036,077d8b01-744b-42b1-af49-d853bb39b0a3,alexsmobs:lobster,true,Lobster,[null]
-501.5,4.0,-241.5,f576502d-21b5-4ecf-8a5e-a5185694b2ef,minecraft:zombie,true,Zombie,[null]
-425.52500000596046,-18.0,-304.4284267908195,d1e10a9e-e8b1-4c2d-a0e2-d067e52e8e39,minecraft:spider,true,Spider,[null]
-574.5,11.0,-335.5,c77a5b9d-7f39-4c12-8c90-b14a9c44056d,minecraft:skeleton,true,Skeleton,[null]
-220.5018989908685,-5.0,20.559808561869772,947fd7a3-d709-40bc-aa40-19621d510a2b,minecraft:skeleton,true,Skeleton,[null]
-219.87979738635698,-5.0,20.49126394415329,eb038a20-6853-483d-ac12-f5e2861699b6,minecraft:skeleton,true,Skeleton,[null]
-548.4749999940395,-16.282349810343675,-413.734404631943,bd70bd87-0a31-4dbb-a572-b1541bedaaff,minecraft:spider,true,Spider,[null]
-525.5,-8.0,-386.5,bb918c98-5212-439e-9221-698af0ee8cd5,minecraft:skeleton,true,Skeleton,[null]
-486.3392141203514,13.0,-262.46592696845835,291e24d0-4abb-4b87-b6f6-0246cdeb412d,minecraft:zombie,true,Zombie,[null]
-482.5,10.0,-266.5,5bacad70-6d48-4dfd-b081-704b73db1fa5,minecraft:zombie,true,Zombie,[null]
-144.1922127888538,56.356529626995325,88.55279258172959,ae96b257-3378-44b6-9d1d-e68df48e0d7a,minecraft:squid,true,Squid,[null]
-138.5005252296105,55.85819629649632,86.88703407626599,2203e67f-a2c3-4601-8c47-58d19b2d3a02,minecraft:squid,true,Squid,[null]
-149.51940305461176,55.759876410942525,88.70370810804889,dd80d02a-ab28-43e1-8624-a98b9a7a80e8,minecraft:squid,true,Squid,[null]
-130.1169136783118,52.01911299804623,104.35652642954089,8d412e5e-53b0-45f5-ae3c-cbcbfd2f32c8,alexsmobs:orca,true,Orca,[null]
-558.5,24.0,-328.5,3354d47f-9e4c-4b95-928d-0493e2ee4dc5,minecraft:creeper,true,Creeper,[null]
-508.498050675387,41.0,-375.4736631823305,8febfde0-1502-422f-9a27-c0b6d88fe9f7,alexsmobs:lobster,true,Lobster,[null]
-243.48144324898502,19.484237412195625,7.059600054805766,b1649377-2b36-4e90-9349-498cf5d904b1,minecraft:bat,true,Bat,[null]
-505.5,14.0,-423.5,542f25d5-25b6-485f-8605-1b8a50a33f29,minecraft:creeper,true,Creeper,[null]
-75.5750103646253,-0.08786136902054582,51.375,e06a071b-c36e-412c-9d3a-5ac4c52ce6d9,minecraft:axolotl,true,Axolotl,[null]
-529.5,12.0,-384.5,5c6a799b-ad5b-46b8-8389-e5cca15bc44f,minecraft:skeleton,true,Skeleton,[null]
-515.1687678535661,34.0,-358.0814443901864,b88c8747-d7d0-49fd-be48-d0875c2bc2fa,alexsmobs:lobster,true,Lobster,[null]
-514.3499999940395,34.0,-357.34999999403954,c292747b-ff42-4fda-a732-f205641510b1,alexsmobs:lobster,true,Lobster,[null]
-417.2746956754043,18.0,-416.49909743866186,6cf2a3ab-2fe6-4b7d-8984-d3a0a02232dc,minecraft:zombie,true,Zombie,[null]
-542.5,9.0,-413.5,7437886e-0467-4614-a916-ed636835fc17,minecraft:zombie,true,Zombie,[null]
-217.5,12.0,88.5,40729866-e53b-49ee-9c48-7421c4f7fd52,minecraft:creeper,true,Creeper,[null]
-528.4835689425739,-8.0,-429.46945743496985,54bfd7c9-6ca2-4ba0-9622-6d11c4036833,minecraft:zombie,true,Zombie,[null]
-529.6581648516051,-9.0,-430.57176297405283,fdf3dfa8-fe53-46a7-bdef-1c0d18a8fb0f,minecraft:creeper,true,Creeper,[null]
-528.4922047486714,-6.0,-426.47331234815323,f31de6d6-cf42-4fcd-b78a-ab4bdb26985f,minecraft:creeper,true,Creeper,[null]
-526.5,-9.0,-430.5,a82ef379-1c68-48b5-8a62-f6c9920b2dfd,minecraft:creeper,true,Creeper,[null]
-171.34999999403954,51.0,59.50028770012242,7d0da173-5bc6-4d84-933f-c8c3292a0681,alexsmobs:lobster,true,Lobster,[null]
-175.34013533184188,51.0,63.63491480028256,7f895d82-56c1-40aa-922c-6c162b1b57f7,alexsmobs:lobster,true,Lobster,[null]
-170.4615323778773,51.0,63.718775492400134,c67e42c4-99a1-46ad-8705-f4e23eb646d6,alexsmobs:lobster,true,Lobster,[null]
-232.39038493342818,22.0,-49.599927933897895,a53fb980-07d2-4e35-8b09-b79907045e24,alexsmobs:cockroach,true,Cockroach,[null]
-257.5131532158525,-4.0,27.630945675657816,a9b4d6e4-aa9e-4fe7-9ef5-a340c78d73ff,minecraft:skeleton,true,Skeleton,[null]
-265.00310084684116,-4.0,26.50764236368441,5a3752ea-816b-43d5-8764-cea48f85e449,minecraft:skeleton,true,Skeleton,[null]
-245.67537585193853,-7.0,17.474999994039536,f5dc936f-3a03-4f44-80e3-f94b5c000ae0,minecraft:spider,true,Spider,[null]
-254.4552575801847,4.0,27.543610211275855,6bc78b2c-6f08-4806-8801-7f14d33aab16,minecraft:skeleton,true,Skeleton,[null]
-262.5,3.0,25.5,672d26ce-e9c9-4d7f-beff-a2c7fc890208,minecraft:zombie,true,Zombie,[null]
-109.75,-30.899999976158142,43.25,c68197d8-8c7b-4c16-9b56-4f1f18044625,minecraft:bat,true,Bat,[null]
-444.90276797438634,77.11607547276228,-303.73070321959534,948abeb2-1ebb-4d3e-a001-4897de96cb0f,alexsmobs:fly,true,Fly,[null]
-207.5,-1.0,-13.5,607c50c9-3a5c-4780-b0ff-476a6182f700,alexsmobs:cockroach,true,Cockroach,[null]
-498.59999999403954,-9.0,-441.63239603629336,76702169-8a63-4b51-a075-d9e9e1379c89,minecraft:glow_squid,true,Glow Squid,[null]
-110.59999999403954,12.199999988079071,-47.400000005960464,209e1a19-e948-4b04-93fc-b336d64a5f5c,minecraft:glow_squid,true,Glow Squid,[null]
-101.02442557550967,11.113632272928953,-51.879556220024824,6420cdff-a3c2-4b23-b90a-d749d4c90117,minecraft:glow_squid,true,Glow Squid,[null]
-102.13765971921384,11.059802817413583,-46.20239669736475,938fccbb-0deb-4634-8055-60a236b6f548,minecraft:glow_squid,true,Glow Squid,[null]
-108.17258597863838,9.844624800374731,-46.668225885368884,568ba1f8-2781-4e40-ba2d-fd09033fd562,minecraft:glow_squid,true,Glow Squid,[null]
-554.5,-9.0,-404.5,6c99c318-9c44-4eab-a177-be2d5c0e0439,graveyard:ghoul,true,Ghoul,[null]
-551.5020592200844,-12.0,-406.9099184734536,d7d301f6-abd7-4b6e-b1bd-fa85886cac7b,minecraft:skeleton,true,Skeleton,[null]
-554.4528499108078,-9.0,-393.4528590618949,aca66538-5418-4724-98a3-f8030a7389f1,minecraft:skeleton,true,Skeleton,[null]
-247.5771985495842,25.100000023841858,13.737799769499752,6fe29979-eaf0-4c26-a586-c6780ebfcfe7,minecraft:bat,true,Bat,[null]
-74.07366796740047,7.742617317735292,60.36742337616724,5b9dfbe2-1788-44ee-84c4-f54970428508,minecraft:bat,true,Bat,[null]
-81.5074633114981,3.223937012785179,61.636097268196266,aa9322e2-4224-4a44-be8e-cea3dfdaa9f6,minecraft:bat,true,Bat,[null]
-193.5,-27.0,60.5,46ce0a26-cb68-46d3-9f88-1a6d2beef713,minecraft:skeleton,true,Skeleton,[null]
-198.5419922223918,-27.0,65.45808322849663,fc35a0f3-1e86-457f-a204-c01676e67edf,minecraft:creeper,true,Creeper,[null]
-108.5,16.0,79.5,47fe58d0-1fd2-4c2b-b28f-c9efcaf1fd04,minecraft:zombie,true,Zombie,[null]
-60.5,16.0,0.5,2953d788-1be4-4307-a49e-786efb8e8b0f,minecraft:skeleton,true,Skeleton,[null]
-454.5644785169149,-29.931343902529093,-315.82101684685966,12f932bc-0e67-4ea4-b02d-27dd718eb48e,minecraft:bat,true,Bat,[null]
-100.5,11.0,66.5,0bd80fb8-2a4f-400f-b871-031af0ba9db8,minecraft:skeleton,true,Skeleton,[null]
-100.5,11.0,69.5,f833e34a-26b2-496c-b2f8-2e10d9e17739,minecraft:skeleton,true,Skeleton,[null]
-100.5,11.0,71.5,b1061e46-4ddb-472c-8a28-8ea51576cb11,minecraft:skeleton,true,Skeleton,[null]
-518.8299100075993,-33.0,-296.52500000596046,b8f658d6-e00e-49ee-a9d5-2a0957f37c85,minecraft:spider,true,Spider,[null]
-557.5,2.0,-277.5,a0c71549-0cd2-4a57-b4dd-e8f7500c723a,minecraft:zombie,true,Zombie,[null]
-461.5,-2.0,-403.5,b77b4cb8-0c98-4bd4-af6a-478b809813ed,minecraft:zombie,true,Zombie,[null]
-126.65000000596046,55.0,60.55115569046668,4cb26fae-99a5-4e9f-884e-e4c48aea2df0,alexsmobs:lobster,true,Lobster,[null]
-128.52620376125338,55.0,60.49957586138315,f86ae944-274e-41db-bcf9-12a87ec3c27b,alexsmobs:lobster,true,Lobster,[null]
-126.51801488228902,56.0,57.4870809042187,d246c0d1-65b4-4b6d-99f9-9e75d8810e1b,alexsmobs:lobster,true,Lobster,[null]
-85.5,24.0,-22.5,e33a45c3-36bc-4f0b-95cb-5a8351a69c5d,minecraft:zombie,true,Zombie,[null]
-129.5,-20.0,-9.5,1e6db0b3-57f4-44b0-bdb6-80f031db6a19,minecraft:skeleton,true,Skeleton,[null]
-127.45452502311446,-15.0,-19.947710676532864,59451449-3d54-4569-a558-8947b4ce74d8,minecraft:skeleton,true,Skeleton,[null]
-240.88803845920003,28.0,-63.34144896714486,f951f01a-e61b-475c-ad25-485869a1e6c8,minecraft:creeper,true,Creeper,[null]
-113.46509785796856,-28.0,39.4957307850558,b32bcd1e-e6cc-4173-8ed3-d215e12b797d,minecraft:skeleton,true,Skeleton,[null]
-70.16391586906951,-4.0,49.625,b87a3764-6bc9-4fa0-923f-eb59d195a3ee,minecraft:axolotl,true,Axolotl,[null]
-502.5351776602813,36.0,-297.4193686473665,10dacde4-9b68-49bf-9514-112e3920b9d4,alexsmobs:lobster,true,Lobster,[null]
-524.5,-6.0,-381.5,39265e02-3f09-40e9-af00-bd5a15989a2f,minecraft:creeper,true,Creeper,[null]
-424.5,32.0,-313.5,b54b2f87-237a-458c-a647-848140452abc,minecraft:creeper,true,Creeper,[null]
-428.17412263101323,33.0,-317.4991434145885,13d9356e-d007-43c1-a603-e3dba26316c9,minecraft:creeper,true,Creeper,[null]
-424.5296527304047,32.0,-314.5296585870681,084d2770-eeab-4ffc-96a8-294e20a63f90,minecraft:creeper,true,Creeper,[null]
-426.5,32.0,-312.5,10726747-7af5-420f-b484-b2510eae1349,minecraft:creeper,true,Creeper,[null]
-275.90025751006004,35.0,60.5166223639288,268a2d1b-91ad-44cb-a5c8-867439f6c749,minecraft:skeleton,true,Skeleton,[null]
-436.5,-9.0,-430.5,0dad8131-33f1-4933-90ae-8f595a76346a,graveyard:ghoul,true,Ghoul,[null]
-439.4421717351561,-10.0,-430.11505639963514,4987aa53-2cee-41ba-9e31-22c3e1368d7c,graveyard:ghoul,true,Ghoul,[null]
-496.00655039317564,60.265431070491445,-389.9661853843906,0a9410b0-44f4-4c0a-96d5-b1d9824ba0d3,alexsmobs:terrapin,true,Terrapin,[null]
-445.42253534934537,-28.0,-309.4992638027256,b3b07c4b-63eb-4fd3-b4b2-7493afe5ba29,alexsmobs:cockroach,true,Cockroach,[null]
-246.70642463341107,-6.998664020887853,-15.499996241746722,fc66bbd4-f98f-4d4b-bf20-b68193749cc0,minecraft:creeper,true,Creeper,[null]
-244.5,-8.0,-15.5,8968d517-c9a2-4fc3-9528-2ea7a2a11a22,minecraft:creeper,true,Creeper,[null]
-510.48012629572133,40.55555555555557,-306.5066957758248,a049867c-8578-40ac-813b-adee55ac3f65,alexsmobs:lobster,true,Lobster,[null]
-508.51203414678434,40.55555555555557,-303.4907120877823,e48fcb21-84a7-4ebe-a67f-fe9d7fb072de,alexsmobs:lobster,true,Lobster,[null]
-453.09806375112385,52.106696740724146,-468.1823994074948,a60d9268-ce41-47fc-b1ad-b2af32dd0c56,minecraft:squid,true,Squid,[null]
-450.10763657465577,53.38368723378517,-472.3589337558951,8f84ac89-f56c-4e7c-9797-e440a416ca73,minecraft:squid,true,Squid,[null]
-449.69505436951295,52.8455408050213,-465.7207207502797,fdf2bc5e-27f7-4188-b536-79c961b92339,minecraft:squid,true,Squid,[null]
-454.76611274434254,56.13261665822938,-468.7860048953444,72f84d11-eabf-4526-9edd-83cd64db5b2e,minecraft:squid,true,Squid,[null]
-543.4749999940395,-2.2795530067710903,-271.52500000596046,0a2aaf32-96c8-4480-a54d-8c9f329b4daa,minecraft:spider,true,Spider,[null]
-407.5,-8.0,-323.5,3c2547f7-546b-42a5-86fe-d4528bdd22ec,alexsmobs:cockroach,true,Cockroach,[null]
-258.5,3.0,24.5,99d1a105-db11-48ed-aa7d-03ab9a2b2e91,alexsmobs:cockroach,true,Cockroach,[null]
-149.8771575832208,-42.0,18.45213565738542,5e68dfec-5ef3-41af-9bba-b062198d758b,minecraft:skeleton,true,Skeleton,[null]
-152.3419101012218,-42.0,17.280377178184843,92c2ae05-98b7-49e2-b343-8c0c7afcb2cd,minecraft:skeleton,true,Skeleton,[null]
-481.2047899831151,-19.874885872859036,-437.20247632062615,610c6cc5-fa56-4516-986f-9504bb3dbf48,minecraft:bat,true,Bat,[null]
-523.8618557126792,-40.0,-384.4343396969942,65adc9b0-392c-425f-bab2-eec8d9b61521,minecraft:spider,true,Spider,[null]
-217.5,-4.0,-49.5,51b0ce07-005c-41dc-8655-b525a5b30853,minecraft:skeleton,true,Skeleton,[null]
-495.5,22.0,-236.5,4fe8a8ad-3b0d-4139-9dcc-f0cc3cce6ab3,alexsmobs:cockroach,true,Cockroach,[null]
-488.5,22.0,-236.5,aeeb3989-4edc-417c-a582-465e1dd47837,alexsmobs:cockroach,true,Cockroach,[null]
-80.5,15.0,-0.5,d4de32dc-18c1-4c9a-912b-99654f798bec,minecraft:skeleton,true,Skeleton,[null]
-81.00651977344438,15.0,2.446935926166993,150bf456-e7a2-403d-94ed-4139900e1b2f,minecraft:skeleton,true,Skeleton,[null]
